PropertyID,TargetPrice
PROP_20046,0.5026972
PROP_03024,0.669718
PROP_15663,5.1354313
PROP_20484,2.2661848
PROP_09814,2.625258
PROP_13311,1.5431893
PROP_07113,2.3280733
PROP_07668,1.6241863
PROP_18246,3.01783
PROP_05723,4.978196
PROP_20069,1.1865314
PROP_06835,2.1257756
PROP_11351,1.7358909
PROP_20267,1.843019
PROP_07097,2.4720204
PROP_06298,1.678418
PROP_00696,1.7835706
PROP_19607,1.5083078
PROP_14173,1.4883435
PROP_19638,0.96131223
PROP_18332,4.21412
PROP_04691,4.542375
PROP_02323,1.176398
PROP_16880,4.586233
PROP_14521,1.6684077
PROP_19833,0.5058246
PROP_08383,1.7256596
PROP_02647,0.9792779
PROP_01456,1.7911804
PROP_05678,4.156316
PROP_00341,0.95433354
PROP_04852,1.2917812
PROP_14386,2.0177007
PROP_18261,4.1601453
PROP_16105,2.7751498
PROP_09149,2.317503
PROP_16879,3.44623
PROP_06253,1.5743381
PROP_11741,1.366556
PROP_07330,1.5370045
PROP_20460,2.7319107
PROP_02412,0.9995947
PROP_19391,1.0110145
PROP_11441,2.0942245
PROP_13332,1.4243276
PROP_03721,2.0091639
PROP_14986,1.384546
PROP_14152,1.6908385
PROP_05654,2.877478
PROP_02578,1.0097932
PROP_19332,2.2432919
PROP_03376,1.9681803
PROP_15118,1.3330442
PROP_09620,0.64858973
PROP_07191,1.4334226
PROP_19932,1.3239222
PROP_13706,0.7965805
PROP_06220,2.102677
PROP_14641,2.0653992
PROP_12101,1.9566149
PROP_11512,3.963409
PROP_04743,2.8783302
PROP_19402,0.96863085
PROP_02608,0.974374
PROP_11449,3.228157
PROP_07654,1.8572849
PROP_19060,1.6131296
PROP_01350,1.5478457
PROP_04591,1.669506
PROP_07168,1.4355507
PROP_03354,1.0730227
PROP_00738,2.1605701
PROP_02351,0.89934665
PROP_15137,1.6928457
PROP_08530,2.0210998
PROP_19150,2.199489
PROP_17041,4.4084363
PROP_10495,2.0703614
PROP_07806,1.622516
PROP_08915,3.2867944
PROP_19890,0.89946795
PROP_10216,1.8079683
PROP_04391,1.842072
PROP_04600,1.7636622
PROP_05751,4.348632
PROP_15479,2.7398572
PROP_03328,0.800247
PROP_12809,0.73179585
PROP_20268,1.8486763
PROP_03958,1.6752634
PROP_18873,1.1606927
PROP_17928,2.6433904
PROP_14307,0.98948836
PROP_02028,0.45927608
PROP_13069,0.9357397
PROP_06052,1.2843053
PROP_15975,4.154408
PROP_14331,1.6515502
PROP_01606,1.4289405
PROP_10915,1.730948
PROP_13336,1.431168
PROP_10389,4.337901
PROP_14462,3.4879384
PROP_14930,2.527471
PROP_06962,1.9224093
PROP_10236,1.6428037
PROP_04279,2.0774448
PROP_04738,3.3497038
PROP_17973,2.665368
PROP_19559,0.7908249
PROP_00538,1.8118527
PROP_04186,2.202112
PROP_02826,1.679785
PROP_17840,3.6528893
PROP_12570,1.1413306
PROP_04767,1.7255629
PROP_07763,1.6362921
PROP_04043,2.8735964
PROP_11311,2.3991609
PROP_06068,2.1585724
PROP_19252,1.8177717
PROP_08337,1.4490523
PROP_16025,3.0200152
PROP_04309,2.3937852
PROP_15060,1.343365
PROP_02420,0.66854835
PROP_13656,0.89802307
PROP_05665,2.4301846
PROP_03778,2.9183435
PROP_02301,0.9991813
PROP_05990,2.5184214
PROP_06590,4.8270407
PROP_16104,2.9690704
PROP_09622,0.62064034
PROP_19122,1.9848502
PROP_13932,1.4674762
PROP_00290,1.8570586
PROP_17202,3.2243614
PROP_09970,2.538894
PROP_20372,3.0669928
PROP_18346,3.4117208
PROP_14970,1.2477885
PROP_04447,1.4424965
PROP_04744,2.7360141
PROP_03529,4.1099334
PROP_07316,1.6251694
PROP_16885,4.6666384
PROP_15890,2.3498604
PROP_10033,1.1231989
PROP_13597,0.91813886
PROP_04667,1.8395637
PROP_16330,1.2535694
PROP_06541,1.7766393
PROP_07228,1.4488426
PROP_09845,2.927199
PROP_10385,2.869303
PROP_10885,2.2861452
PROP_11096,2.3966768
PROP_09571,0.80700046
PROP_05222,1.0779122
PROP_15607,1.7051321
PROP_06814,2.2494187
PROP_03485,4.2253556
PROP_09877,1.9306171
PROP_18786,0.8379178
PROP_17198,3.1433668
PROP_20125,1.8977898
PROP_19818,0.81266576
PROP_03912,2.3123596
PROP_17825,2.4167688
PROP_17639,3.2906432
PROP_14015,2.3703873
PROP_15397,3.0005322
PROP_10428,3.4129856
PROP_19766,0.67019343
PROP_13925,0.56522435
PROP_09942,0.9031081
PROP_13933,1.0632689
PROP_01097,1.2332903
PROP_02115,0.77838403
PROP_01493,3.3451114
PROP_18466,3.3463674
PROP_15030,1.6190331
PROP_17923,2.6214569
PROP_02334,0.5544362
PROP_05216,0.9887556
PROP_06241,1.624229
PROP_04629,2.4781845
PROP_18177,4.537387
PROP_05059,2.589735
PROP_07547,1.3931419
PROP_00563,2.367553
PROP_06421,1.5040729
PROP_04496,1.6429766
PROP_13015,1.9373162
PROP_19959,0.95684886
PROP_03921,2.0380495
PROP_12414,0.8847726
PROP_04046,5.0069895
PROP_05236,1.0474164
PROP_16757,2.5312014
PROP_10761,4.725991
PROP_19071,3.041409
PROP_18914,1.8790336
PROP_03482,1.6562074
PROP_16038,2.3178763
PROP_19485,1.0485142
PROP_09658,0.96365166
PROP_07107,1.974746
PROP_18656,2.2097793
PROP_07278,1.0021282
PROP_17798,4.689742
PROP_08538,2.0740814
PROP_15293,2.907294
PROP_18884,1.0660391
PROP_06641,1.8228128
PROP_04388,2.0008295
PROP_19854,0.6224272
PROP_18247,3.1031067
PROP_04914,1.0260378
PROP_01901,1.2285712
PROP_13017,1.7463576
PROP_15907,2.9578025
PROP_13570,1.391438
PROP_09466,1.0882521
PROP_19151,1.4386044
PROP_05826,3.1888711
PROP_13915,0.78974295
PROP_10559,2.1637645
PROP_14366,3.0117798
PROP_05477,3.3608232
PROP_08981,2.8293393
PROP_04954,1.3864907
PROP_15757,3.9019823
PROP_11735,1.344814
PROP_03210,0.71398413
PROP_16950,4.6327047
PROP_08632,5.101262
PROP_05207,1.2722213
PROP_08591,2.6098382
PROP_08198,2.1597946
PROP_11903,1.125519
PROP_06512,1.5891607
PROP_00474,1.596967
PROP_10199,1.6463609
PROP_07723,2.60976
PROP_14816,3.1836362
PROP_14733,2.2681496
PROP_14657,2.436541
PROP_12988,1.5048143
PROP_20565,1.1951106
PROP_19296,2.2783563
PROP_04475,1.6006583
PROP_01290,1.3273644
PROP_12425,0.64775085
PROP_20450,2.3498354
PROP_07149,1.7561387
PROP_13449,1.143528
PROP_05226,1.1805893
PROP_15021,1.7306778
PROP_17353,1.7458915
PROP_18169,3.1562488
PROP_00408,3.6890955
PROP_07655,1.7361572
PROP_09665,0.8039711
PROP_05357,4.709804
PROP_07387,1.0599959
PROP_13175,1.7966961
PROP_15242,4.4189196
PROP_13651,1.0624222
PROP_17108,5.072523
PROP_00385,2.1624537
PROP_06887,1.8027443
PROP_07101,1.7590216
PROP_15002,1.3868281
PROP_11532,0.8788845
PROP_18872,1.8961357
PROP_01034,1.3483915
PROP_11986,1.2123364
PROP_13530,1.5764519
PROP_04463,1.6299323
PROP_20347,3.1401982
PROP_13112,1.2053595
PROP_18886,1.2280226
PROP_14808,3.3320668
PROP_20349,4.3758225
PROP_00971,3.4793081
PROP_13338,1.5791229
PROP_17881,2.2215378
PROP_11517,4.666117
PROP_06243,1.5789219
PROP_03015,1.2983271
PROP_14664,1.5298837
PROP_05802,2.327206
PROP_04417,1.7217437
PROP_16341,0.86270773
PROP_08291,3.715739
PROP_01166,0.5239176
PROP_17884,2.160783
PROP_15055,1.6691922
PROP_09070,1.0143017
PROP_01201,0.5891158
PROP_08574,5.194673
PROP_14847,1.2662721
PROP_16251,0.75536495
PROP_17042,4.773871
PROP_04577,2.0928028
PROP_02501,0.6103618
PROP_02859,2.4036298
PROP_10275,1.7522609
PROP_07247,1.772985
PROP_03682,2.7539933
PROP_11055,2.5254922
PROP_20168,2.9496834
PROP_08875,5.117683
PROP_07794,1.5030864
PROP_09264,0.71301615
PROP_12375,1.8083465
PROP_11997,1.6008394
PROP_09960,3.3715212
PROP_18605,2.3734608
PROP_20171,2.4925158
PROP_06649,2.221981
PROP_10796,5.1564174
PROP_15608,1.9648385
PROP_07346,1.4610416
PROP_13377,2.1099057
PROP_12281,0.9456268
PROP_01911,1.3367918
PROP_06951,1.5426083
PROP_16495,1.3798212
PROP_18680,2.2850134
PROP_17011,3.3732488
PROP_11370,1.9713233
PROP_02140,0.7779145
PROP_01692,2.5743847
PROP_14966,1.1379097
PROP_02754,0.64873797
PROP_19553,0.90799326
PROP_03481,4.153337
PROP_01457,2.366857
PROP_02698,0.6324957
PROP_13888,0.66512966
PROP_07983,1.8913037
PROP_03964,2.2408469
PROP_20586,1.1392418
PROP_16872,3.7633767
PROP_16956,3.608501
PROP_14459,5.380823
PROP_00803,2.0191905
PROP_20355,2.445455
PROP_10217,1.9575613
PROP_05116,1.0225329
PROP_09992,1.2420084
PROP_08395,2.3052328
PROP_18534,2.0934217
PROP_02797,0.87662965
PROP_11218,2.0792522
PROP_08610,3.2345464
PROP_14649,2.0467062
PROP_09854,4.1742353
PROP_10476,2.2047234
PROP_05711,2.4615662
PROP_13206,1.5245801
PROP_05107,1.3617488
PROP_07030,1.6663312
PROP_08460,2.1539981
PROP_17148,4.973987
PROP_17965,3.0092924
PROP_09002,1.8459047
PROP_17841,1.8753675
PROP_19167,1.3678657
PROP_09243,0.59209245
PROP_02559,0.73301804
PROP_18674,2.843922
PROP_11678,2.0326092
PROP_06933,1.6409925
PROP_09042,1.3933696
PROP_19688,0.6586708
PROP_12868,1.6185433
PROP_03984,3.0069785
PROP_11037,4.65386
PROP_05601,1.8245071
PROP_13445,1.158164
PROP_16169,2.4471407
PROP_08843,4.250015
PROP_19855,0.83026123
PROP_07434,1.4627513
PROP_14763,1.2836456
PROP_11617,2.33072
PROP_11217,2.1025925
PROP_07497,0.94638747
PROP_04985,0.9949784
PROP_16424,0.96583676
PROP_14513,1.7867655
PROP_07439,1.462957
PROP_04678,5.054485
PROP_10806,3.1486404
PROP_04148,1.6966949
PROP_05815,2.2286336
PROP_15806,4.0551224
PROP_16040,2.3598125
PROP_07014,1.6743674
PROP_06866,1.9156926
PROP_18536,2.5177248
PROP_01870,1.0106641
PROP_03572,4.7507224
PROP_07256,1.7227681
PROP_19572,1.3049744
PROP_03739,2.3120174
PROP_00351,1.1082547
PROP_10743,5.166189
PROP_06472,2.4092326
PROP_15062,1.1612756
PROP_12973,1.1680948
PROP_03941,2.1838758
PROP_04115,4.328277
PROP_03366,0.99407995
PROP_09022,4.135296
PROP_07438,1.5317441
PROP_13003,1.3718741
PROP_12896,1.3618934
PROP_01642,2.1101687
PROP_20089,1.2463862
PROP_18505,3.2842546
PROP_08344,1.9102218
PROP_04219,3.2358854
PROP_01713,1.9104477
PROP_08785,3.1473498
PROP_17306,3.3115604
PROP_19558,0.84815717
PROP_03820,2.1104121
PROP_11581,2.5980256
PROP_04484,1.2553414
PROP_14734,1.5830677
PROP_00119,3.385737
PROP_18018,3.0678227
PROP_16497,1.2961067
PROP_03711,2.1600268
PROP_03901,2.3095577
PROP_20149,2.3316708
PROP_07495,0.9468965
PROP_08673,4.0788136
PROP_14548,4.119165
PROP_01077,1.1526465
PROP_11688,1.7319305
PROP_03474,3.0254483
PROP_11915,1.3298082
PROP_02189,0.8925064
PROP_00936,2.4180896
PROP_17038,3.7635648
PROP_05900,2.3014042
PROP_18294,4.9003897
PROP_01182,0.9353543
PROP_00606,1.6751126
PROP_17466,3.47122
PROP_04720,3.56325
PROP_06285,2.0753243
PROP_07071,2.212542
PROP_20635,0.81587714
PROP_19516,1.6034392
PROP_01599,4.243816
PROP_06149,1.5451679
PROP_12164,1.2051737
PROP_12827,1.108136
PROP_11799,1.5137948
PROP_11716,2.4525027
PROP_19275,2.3325071
PROP_12273,1.057631
PROP_00208,1.1504661
PROP_13375,2.0649586
PROP_13416,1.395261
PROP_14274,0.87226516
PROP_19745,1.0009192
PROP_04104,4.3666306
PROP_14146,1.2342509
PROP_01788,0.94034547
PROP_02174,0.7761086
PROP_08393,1.8660984
PROP_03335,0.8597958
PROP_01427,1.5701575
PROP_03503,1.5384258
PROP_04741,2.4745839
PROP_17013,3.237728
PROP_13143,1.2535868
PROP_15144,1.5474771
PROP_09875,1.5123984
PROP_08139,2.4505906
PROP_08410,1.4275861
PROP_05379,2.7226462
PROP_03045,0.9162214
PROP_12299,0.7735686
PROP_11863,0.93184584
PROP_02235,0.53790486
PROP_05468,3.818671
PROP_02267,0.6775503
PROP_15227,3.059104
PROP_09300,3.6912756
PROP_05394,2.1078537
PROP_01504,2.6296346
PROP_00503,1.730123
PROP_17997,3.0184448
PROP_01272,2.1674762
PROP_02602,0.78901803
PROP_06779,2.504708
PROP_18926,2.38431
PROP_18514,2.405538
PROP_08137,2.5406523
PROP_05348,4.945369
PROP_16614,2.6715007
PROP_13005,1.544295
PROP_14945,1.866439
PROP_10475,2.8169188
PROP_08639,4.8209877
PROP_14515,1.9528453
PROP_15044,3.5076144
PROP_03668,1.7551656
PROP_14020,2.7328465
PROP_13506,0.7104509
PROP_15898,1.8630463
PROP_08599,3.1108403
PROP_13526,1.2104229
PROP_07948,2.670785
PROP_04518,1.4042051
PROP_20311,1.8118595
PROP_05963,1.9939646
PROP_06128,1.6176322
PROP_18754,0.75012076
PROP_03125,1.8757155
PROP_17248,2.6923227
PROP_03698,1.5638397
PROP_00323,0.9006449
PROP_05683,2.925223
PROP_17573,1.94533
PROP_03489,1.5752118
PROP_15893,2.270417
PROP_14736,2.5153842
PROP_09039,1.0683804
PROP_11615,2.1030142
PROP_18752,0.7622295
PROP_00828,2.201423
PROP_17180,3.5747147
PROP_03922,2.3602211
PROP_13105,2.261935
PROP_10630,2.0499995
PROP_18051,4.7250953
PROP_17452,1.7848452
PROP_04074,4.963436
PROP_08149,2.4173868
PROP_19648,1.2380792
PROP_12399,1.1056205
PROP_15930,2.5186913
PROP_05998,1.4673203
PROP_14835,1.045668
PROP_16459,1.4602923
PROP_16975,2.924194
PROP_02766,0.9270345
PROP_01807,1.1252029
PROP_02848,0.8719575
PROP_12255,1.5894313
PROP_15731,3.821608
PROP_06717,3.9560392
PROP_07733,2.2298977
PROP_14814,3.4470434
PROP_07048,1.3409584
PROP_02041,2.3000443
PROP_01393,2.7968976
PROP_10508,2.7722638
PROP_18120,2.8575442
PROP_12194,1.8667567
PROP_01530,3.409412
PROP_02893,0.4741287
PROP_03703,2.0660746
PROP_00034,1.6474553
PROP_04966,1.1088289
PROP_03113,0.9085324
PROP_20633,0.7472803
PROP_10107,1.7356161
PROP_18506,3.2097769
PROP_15911,2.9994285
PROP_10158,3.2595725
PROP_08585,4.857625
PROP_14467,4.994398
PROP_11715,1.5003581
PROP_16638,2.2579422
PROP_05687,4.0125356
PROP_11552,1.8019626
PROP_00720,1.4445947
PROP_09536,1.0069543
PROP_01398,1.9581476
PROP_02467,0.7827101
PROP_07580,1.0570595
PROP_11464,2.357702
PROP_00218,1.3679091
PROP_02020,0.58452076
PROP_20493,2.45756
PROP_02305,1.2198374
PROP_09071,1.0049351
PROP_04445,1.4138372
PROP_01535,3.754808
PROP_02300,1.1065044
PROP_07949,2.2213616
PROP_08164,2.3336225
PROP_15134,1.4552616
PROP_02638,0.7699792
PROP_06231,2.1553304
PROP_16560,2.0024312
PROP_15766,3.9121563
PROP_08908,3.7414253
PROP_20009,0.6342358
PROP_00438,1.6233531
PROP_06271,1.6079563
PROP_09664,0.61144245
PROP_00960,2.8039935
PROP_08731,2.9046898
PROP_08342,1.946158
PROP_06320,2.6883826
PROP_10156,2.4501076
PROP_08552,2.521447
PROP_16381,1.3434889
PROP_10115,3.054944
PROP_08977,3.3049076
PROP_06723,2.384387
PROP_14012,2.636658
PROP_08852,5.0277877
PROP_05503,2.8229053
PROP_07046,1.8177218
PROP_17583,2.4455
PROP_14483,5.191622
PROP_00520,2.8180919
PROP_18312,3.8394637
PROP_04398,2.0818377
PROP_05050,1.4904112
PROP_02265,0.73103434
PROP_14854,1.089088
PROP_10657,3.5051732
PROP_19057,1.7880589
PROP_16113,2.8652718
PROP_16709,1.3963616
PROP_16274,0.7279184
PROP_10315,2.0426648
PROP_12811,1.5385282
PROP_11243,1.9800636
PROP_02084,0.68844336
PROP_05888,4.1970854
PROP_06405,2.9864628
PROP_16557,1.0461881
PROP_02388,1.0160884
PROP_16817,2.9314618
PROP_20207,2.6110413
PROP_05225,0.95949227
PROP_08510,2.094436
PROP_18729,0.9678396
PROP_13460,1.0779715
PROP_09049,1.3260064
PROP_14441,3.1483376
PROP_07582,1.1308376
PROP_20554,0.92981666
PROP_03386,1.8852146
PROP_09862,1.8388926
PROP_18230,2.5617173
PROP_07781,1.6914539
PROP_10388,3.5924366
PROP_16291,0.7167743
PROP_06687,2.4664285
PROP_01052,1.2861773
PROP_03208,0.6506602
PROP_13027,1.4832177
PROP_18774,0.83815145
PROP_01433,1.6483272
PROP_15458,2.0108767
PROP_05735,2.2691743
PROP_10727,4.6958337
PROP_07571,1.2173675
PROP_12047,1.3229736
PROP_12944,1.8272675
PROP_13775,1.0485667
PROP_01027,1.2882154
PROP_11414,3.4126678
PROP_10726,4.650356
PROP_15603,1.4771706
PROP_19551,0.86391205
PROP_10927,1.6760453
PROP_09016,3.3288527
PROP_03488,3.9798195
PROP_20364,2.850312
PROP_18163,4.2240467
PROP_11237,1.8310103
PROP_10406,1.7916735
PROP_12378,0.7463326
PROP_02885,0.5262802
PROP_11355,1.8284322
PROP_17691,2.2682931
PROP_18865,1.2155595
PROP_08116,1.9768388
PROP_09760,1.2385436
PROP_12604,0.63417345
PROP_08246,1.618643
PROP_06357,1.8063697
PROP_05350,4.912588
PROP_00313,1.075862
PROP_04024,2.3308363
PROP_18485,2.5771356
PROP_11058,1.8501284
PROP_03699,1.731061
PROP_03473,3.391759
PROP_09771,1.3856543
PROP_15336,1.9727632
PROP_03910,1.9726746
PROP_05106,1.7267714
PROP_17152,4.2523575
PROP_07040,1.9359702
PROP_15543,4.0311484
PROP_16856,2.5485861
PROP_11967,0.87322336
PROP_01730,1.4987398
PROP_05727,3.1055381
PROP_13047,0.95435214
PROP_18318,3.0999763
PROP_16256,0.804553
PROP_04069,4.3509135
PROP_00812,1.9184879
PROP_18808,0.84645516
PROP_20212,3.2934952
PROP_09192,1.9300487
PROP_14744,1.1230595
PROP_17617,2.5813854
PROP_19770,0.80828404
PROP_20014,0.8073105
PROP_15621,3.7609851
PROP_16579,1.370133
PROP_02485,0.86842424
PROP_04293,2.2075524
PROP_06355,2.1197052
PROP_18288,5.0125155
PROP_03353,0.6801405
PROP_09125,1.3033175
PROP_09790,2.0461805
PROP_07159,1.4667912
PROP_17898,2.540155
PROP_06427,1.4663582
PROP_07911,1.5759743
PROP_20556,1.107239
PROP_16957,4.7151537
PROP_01297,1.6637801
PROP_05426,3.9623017
PROP_14784,1.5484976
PROP_12705,1.0704643
PROP_19030,2.2150164
PROP_16510,1.3926998
PROP_19676,0.72680473
PROP_08765,3.9389358
PROP_15501,2.2253182
PROP_10381,2.3107555
PROP_03393,2.4096093
PROP_00127,3.2456117
PROP_14864,1.3245121
PROP_12204,2.043882
PROP_11827,1.9046326
PROP_05742,2.2895455
PROP_07471,1.3084667
PROP_00718,1.8547863
PROP_13473,1.3907739
PROP_09415,4.166801
PROP_20403,2.918856
PROP_13539,0.7553148
PROP_00856,2.4596336
PROP_20494,3.1579802
PROP_03950,2.8323755
PROP_02516,0.93334574
PROP_17753,1.7083043
PROP_15618,4.96048
PROP_01087,0.80634326
PROP_03843,2.0173604
PROP_05934,1.9392947
PROP_08425,2.0617259
PROP_09226,0.8032733
PROP_02393,1.1990775
PROP_20290,1.8564563
PROP_14181,1.2702737
PROP_01328,1.2216868
PROP_13771,1.3551459
PROP_05391,2.3523335
PROP_15809,3.9868279
PROP_12310,1.460962
PROP_10678,3.444864
PROP_16739,2.7422473
PROP_14095,1.1747361
PROP_09224,0.65711564
PROP_20334,2.6681094
PROP_12872,1.2268407
PROP_13443,1.0569458
PROP_10890,1.6873263
PROP_14615,1.3842673
PROP_11497,4.440723
PROP_09060,1.3652041
PROP_09398,4.733208
PROP_00980,2.2164304
PROP_17032,3.6696653
PROP_19173,1.9593406
PROP_05217,1.3960855
PROP_03018,1.1072576
PROP_10786,3.369038
PROP_19076,2.521388
PROP_03635,1.9471518
PROP_19897,0.5189999
PROP_16627,2.309835
PROP_02712,0.8488901
PROP_06187,1.7618176
PROP_16979,2.717941
PROP_14751,1.4128131
PROP_06920,1.7970579
PROP_03669,1.6130939
PROP_11686,1.8520975
PROP_16558,1.0239981
PROP_18510,2.6436844
PROP_03887,2.2940083
PROP_11119,1.9167655
PROP_12113,1.363848
PROP_15330,1.4527231
PROP_15840,3.6539557
PROP_06143,1.6350431
PROP_09250,1.3042985
PROP_08066,2.916618
PROP_06077,2.3949203
PROP_04106,5.0623746
PROP_00133,3.680528
PROP_01006,1.8997247
PROP_06164,1.7530949
PROP_12495,1.2609448
PROP_03184,0.6267767
PROP_13938,1.5717492
PROP_04202,1.7520293
PROP_05337,3.2279015
PROP_09839,2.5912454
PROP_02796,0.8208474
PROP_10545,2.1005943
PROP_18269,5.1637416
PROP_07870,1.8094058
PROP_17981,2.6733904
PROP_14090,1.4319519
PROP_14914,1.430849
PROP_08309,3.279516
PROP_02533,0.851266
PROP_05203,1.1299275
PROP_19691,0.8344978
PROP_02937,0.5032033
PROP_06293,1.6958784
PROP_08453,2.2252207
PROP_05853,2.8317242
PROP_00451,2.0285413
PROP_06896,2.2039747
PROP_08810,3.7219534
PROP_12928,1.2752597
PROP_07365,1.7148968
PROP_20414,2.1270804
PROP_11545,3.168665
PROP_06682,2.878636
PROP_04375,2.2263448
PROP_07724,2.6171155
PROP_18498,2.7845032
PROP_01815,1.9070325
PROP_05948,2.8035004
PROP_02483,0.6903755
PROP_03375,1.940877
PROP_16252,0.66179496
PROP_11266,1.8830838
PROP_16080,3.2331748
PROP_07639,3.2840688
PROP_05547,3.5404186
PROP_03455,1.9284308
PROP_06385,2.197872
PROP_12389,1.9470724
PROP_01288,1.6504353
PROP_03886,2.2611792
PROP_02781,0.66552895
PROP_18115,3.6514795
PROP_05511,3.0733173
PROP_06433,2.5087645
PROP_08108,1.5416503
PROP_10101,2.6059144
PROP_01981,1.6974075
PROP_17643,2.8746064
PROP_15135,1.5451304
PROP_19317,1.4894483
PROP_04160,1.8785491
PROP_02177,0.7719039
PROP_03634,1.8139155
PROP_05770,2.3785303
PROP_07883,1.9807296
PROP_12964,1.3712312
PROP_13541,0.87710196
PROP_18735,0.84553915
PROP_15754,4.33658
PROP_08087,2.3986363
PROP_16180,0.6704547
PROP_05836,2.210686
PROP_02238,1.1879286
PROP_05954,1.7756379
PROP_04269,2.1309059
PROP_03508,2.163448
PROP_09577,1.2994109
PROP_12398,0.99769443
PROP_00484,1.8788482
PROP_10957,1.6452014
PROP_15888,1.8179027
PROP_06399,4.389925
PROP_20140,2.6179051
PROP_07524,1.0873636
PROP_09276,3.0412724
PROP_05764,2.209826
PROP_01719,2.8750606
PROP_19323,1.1697079
PROP_06210,1.6176564
PROP_11038,4.578618
PROP_02751,0.6683201
PROP_00447,2.3085952
PROP_19986,0.6927445
PROP_14261,0.9284844
PROP_09961,2.780449
PROP_09229,0.77906597
PROP_14374,4.046029
PROP_12072,1.5464514
PROP_03222,0.68990743
PROP_16246,0.9181239
PROP_16426,0.8507421
PROP_16196,1.3714569
PROP_11610,3.1979532
PROP_07775,1.6867359
PROP_08654,4.3892326
PROP_09786,1.6241692
PROP_10311,3.6645613
PROP_17972,2.7489984
PROP_18700,1.0563213
PROP_00180,1.8133858
PROP_08279,1.9789964
PROP_09390,3.2927687
PROP_08778,2.9413476
PROP_13974,1.0943724
PROP_00251,0.97678816
PROP_10548,2.459434
PROP_01512,2.4642916
PROP_17516,3.0656788
PROP_19748,0.94275105
PROP_09831,2.9035773
PROP_02864,0.82136834
PROP_09543,0.58818626
PROP_08407,1.4313294
PROP_12885,1.2513554
PROP_03752,2.7338073
PROP_17134,4.015568
PROP_10984,1.9047871
PROP_08058,1.8768984
PROP_10690,0.97969335
PROP_13035,1.6805784
PROP_01527,2.8227296
PROP_01337,1.5353141
PROP_13302,1.2815008
PROP_00688,1.6225301
PROP_10007,1.39684
PROP_12269,1.0264003
PROP_05250,5.1133127
PROP_14777,1.5069007
PROP_17158,5.0867844
PROP_10581,2.9877207
PROP_13829,1.1822606
PROP_08739,3.2644312
PROP_07621,1.9187318
PROP_14612,1.6648835
PROP_20058,0.518089
PROP_19026,1.7862569
PROP_20463,2.7665775
PROP_15014,1.6709224
PROP_04285,2.2824063
PROP_06868,1.6783434
PROP_20453,1.9468819
PROP_18421,2.261041
PROP_16108,3.0081017
PROP_09234,1.1182097
PROP_14796,1.182989
PROP_12850,0.94884104
PROP_15841,3.0671668
PROP_04230,3.0492518
PROP_10590,2.41962
PROP_10289,2.9658477
PROP_07175,1.3664788
PROP_08156,2.2510002
PROP_00409,4.459347
PROP_19300,1.7197126
PROP_09358,3.7691789
PROP_08379,1.7444049
PROP_18620,3.2887278
PROP_02519,0.9752216
PROP_13827,0.96835226
PROP_09143,1.907314
PROP_10129,2.7356668
PROP_02457,0.8457551
PROP_07223,1.5914375
PROP_04045,5.0101366
PROP_18609,2.4692492
PROP_04189,1.8007113
PROP_12055,1.0725493
PROP_09861,2.3809943
PROP_06206,3.6084533
PROP_14975,1.399987
PROP_10279,2.2023304
PROP_04199,1.9826657
PROP_17577,2.5766604
PROP_07809,1.6904092
PROP_19239,2.8157475
PROP_14766,1.2619594
PROP_00866,2.3094866
PROP_16071,3.207439
PROP_11290,2.245062
PROP_17854,4.839884
PROP_12514,1.2652406
PROP_03525,2.2639146
PROP_00993,2.5890408
PROP_05117,1.0144876
PROP_06162,1.8085929
PROP_12701,1.1634727
PROP_04345,5.028941
PROP_17376,1.2833449
PROP_04194,2.0847104
PROP_09098,1.4866662
PROP_09887,1.78884
PROP_14518,1.7161337
PROP_03615,1.6181127
PROP_08010,2.5014038
PROP_04400,2.4105072
PROP_04034,4.163147
PROP_01632,3.7268143
PROP_17788,1.8608173
PROP_15637,3.6731212
PROP_09674,1.445379
PROP_14980,1.3460796
PROP_02450,0.7136468
PROP_14352,1.9277831
PROP_03826,2.047085
PROP_11040,3.806231
PROP_08350,1.8687367
PROP_00326,0.9700308
PROP_08242,1.4965861
PROP_12795,0.68878126
PROP_07877,1.9652367
PROP_05716,2.5949326
PROP_09511,1.3272626
PROP_12998,1.8953513
PROP_13762,1.0767367
PROP_18104,3.1381865
PROP_04540,1.4433445
PROP_09586,1.0697601
PROP_07752,1.5620873
PROP_17681,2.1562095
PROP_16357,0.91429216
PROP_13818,1.0263413
PROP_02981,0.712507
PROP_18148,4.6350675
PROP_13129,0.9902367
PROP_00322,0.8721832
PROP_17519,2.0709598
PROP_07780,1.6467602
PROP_19484,1.0699337
PROP_01554,3.8374288
PROP_00383,1.0232775
PROP_08396,1.4670806
PROP_18806,0.8101361
PROP_01768,1.2717725
PROP_12221,1.3248258
PROP_15247,2.0622244
PROP_06258,1.5448405
PROP_13072,1.004236
PROP_19015,1.3690099
PROP_10323,3.246416
PROP_09975,1.8923478
PROP_17329,4.1250205
PROP_03002,0.8103431
PROP_02546,0.662739
PROP_08972,3.6982055
PROP_14110,1.2199225
PROP_04605,5.1369243
PROP_04371,3.5491562
PROP_12933,1.8896427
PROP_07139,1.7423774
PROP_06490,1.8025776
PROP_13094,0.9463325
PROP_17741,3.2725139
PROP_05610,1.5418077
PROP_06216,1.7679539
PROP_09191,1.8039227
PROP_03844,1.894069
PROP_01355,1.2584357
PROP_02583,0.7896814
PROP_08944,4.2818623
PROP_14560,2.4116864
PROP_12929,2.0493627
PROP_16045,2.444142
PROP_15249,2.7179673
PROP_03509,2.0681913
PROP_05076,1.181243
PROP_12630,0.82400423
PROP_07425,1.3006713
PROP_02214,2.449158
PROP_02326,0.7333533
PROP_04977,1.1137605
PROP_16183,0.8294937
PROP_09213,1.0298709
PROP_10157,2.8703046
PROP_02319,0.6796559
PROP_15426,1.5284619
PROP_09172,2.2462525
PROP_08626,4.0494466
PROP_18103,4.151349
PROP_10337,2.3075283
PROP_04634,2.0172863
PROP_14961,2.023117
PROP_15977,4.1596694
PROP_16301,2.166263
PROP_04546,1.710742
PROP_06631,1.536964
PROP_18236,2.300434
PROP_20115,1.2013699
PROP_09194,1.1879916
PROP_03350,0.9609818
PROP_04252,3.6685963
PROP_15341,1.6103431
PROP_09876,1.4476334
PROP_15378,2.372062
PROP_17150,3.8678284
PROP_16891,4.214869
PROP_16466,1.3468034
PROP_14418,2.0341656
PROP_02505,0.95245725
PROP_00031,1.2282836
PROP_14858,1.3838922
PROP_11622,2.592355
PROP_07854,1.7403024
PROP_20510,0.81997746
PROP_15652,3.2655375
PROP_05043,1.2782475
PROP_10574,2.756382
PROP_20192,1.3777198
PROP_16296,0.75721735
PROP_12522,1.2433933
PROP_04896,1.3206465
PROP_20303,1.9204538
PROP_13993,0.8009771
PROP_02714,0.76077986
PROP_12571,0.89567983
PROP_06478,1.9359567
PROP_04044,4.9085493
PROP_02641,0.936388
PROP_16434,2.4729679
PROP_14311,1.033297
PROP_03248,0.67768085
PROP_00247,1.0699241
PROP_02346,0.98396283
PROP_14704,1.8182739
PROP_07353,1.4724934
PROP_12371,3.2354372
PROP_00655,1.886739
PROP_10991,2.1838458
PROP_19731,0.78347456
PROP_06695,2.0277932
PROP_11733,1.2691771
PROP_10030,1.1747847
PROP_08255,2.3731892
PROP_11081,2.2694733
PROP_06599,1.8114246
PROP_02752,0.6683982
PROP_18771,0.6993769
PROP_02026,0.52435106
PROP_17853,2.2362528
PROP_00928,3.3191903
PROP_19206,1.4723794
PROP_10274,1.7035513
PROP_03295,0.6866258
PROP_06087,1.7253344
PROP_07026,1.6664865
PROP_14340,2.8854158
PROP_03142,0.87738293
PROP_14314,0.98645586
PROP_03643,1.8219694
PROP_12008,1.5467961
PROP_17865,2.377513
PROP_18136,3.055293
PROP_12735,2.263224
PROP_12076,1.5481848
PROP_11921,1.1322173
PROP_00115,2.324245
PROP_06769,3.0128906
PROP_03821,2.2523236
PROP_06517,1.5464214
PROP_01968,1.5121531
PROP_15964,2.5682023
PROP_11823,1.327973
PROP_18979,1.1799159
PROP_12911,2.4694812
PROP_17502,2.0068476
PROP_17199,4.3391933
PROP_06844,1.864484
PROP_18192,2.398525
PROP_02408,0.67332584
PROP_12579,0.7082514
PROP_04048,4.971539
PROP_18239,2.1988847
PROP_05685,4.1164346
PROP_09938,2.30157
PROP_16787,2.7340703
PROP_10746,3.724141
PROP_09728,2.4369628
PROP_13453,1.0761888
PROP_02585,0.7087019
PROP_06650,2.1319144
PROP_18021,3.574605
PROP_16107,3.0810668
PROP_12053,1.0868092
PROP_14372,4.4714427
PROP_11129,1.8227776
PROP_17035,3.4475298
PROP_01572,2.424437
PROP_03011,1.4542468
PROP_05047,4.028374
PROP_05866,2.1697834
PROP_10901,1.9367995
PROP_09955,2.808572
PROP_12181,1.130463
PROP_19088,2.1843388
PROP_16577,1.3682544
PROP_16931,3.0008378
PROP_05352,5.084005
PROP_19466,1.2738129
PROP_02386,0.7230736
PROP_04974,1.1642326
PROP_10902,2.2834313
PROP_12517,0.9046211
PROP_19145,1.8385326
PROP_01611,2.0060022
PROP_02043,1.3739891
PROP_20419,3.1989703
PROP_01147,0.73363656
PROP_03978,2.5972664
PROP_19249,1.609558
PROP_04049,4.9161053
PROP_08935,4.192734
PROP_05971,1.6244613
PROP_16588,1.0385454
PROP_12326,1.0386186
PROP_18078,4.9945455
PROP_16218,1.271358
PROP_04548,2.2993724
PROP_01346,1.9630771
PROP_05702,2.7827175
PROP_12220,3.67485
PROP_15481,1.8658
PROP_18028,2.8603306
PROP_18622,2.76368
PROP_16491,1.2435925
PROP_15238,4.0588145
PROP_10208,2.533975
PROP_07808,1.8623943
PROP_04609,2.0973487
PROP_11843,0.9077501
PROP_09966,2.8084078
PROP_11289,2.4313862
PROP_12557,1.0770892
PROP_06925,1.6524726
PROP_14503,1.9474864
PROP_09859,1.7664928
PROP_07649,2.1869662
PROP_04547,1.5062631
PROP_04343,2.2289972
PROP_15289,1.9232723
PROP_02141,0.79108787
PROP_11103,2.0577748
PROP_02458,0.8063622
PROP_17020,4.0693474
PROP_07717,1.9036521
PROP_18380,4.734617
PROP_17731,2.1594853
PROP_13909,0.8634397
PROP_02684,0.89398646
PROP_03396,2.079423
PROP_03511,2.3227625
PROP_16631,2.1121755
PROP_00265,1.418823
PROP_10612,3.573211
PROP_01475,1.539273
PROP_03965,2.338736
PROP_18687,2.6534145
PROP_16718,1.7224702
PROP_16006,4.2191014
PROP_07901,2.8502913
PROP_17469,2.869997
PROP_03230,0.5764373
PROP_09040,1.2797725
PROP_02518,0.7564807
PROP_06275,1.4307095
PROP_11063,2.169694
PROP_05746,2.3251855
PROP_04696,4.1504407
PROP_03733,2.3307004
PROP_04156,1.608271
PROP_16304,3.2998745
PROP_09452,1.0042343
PROP_13941,1.373439
PROP_03282,0.80094105
PROP_04461,2.2138572
PROP_00695,1.572363
PROP_10212,2.2770298
PROP_18123,2.8854635
PROP_10263,2.489907
PROP_18057,3.4628496
PROP_01261,1.6325481
PROP_18776,0.8514563
PROP_01580,4.2972145
PROP_04393,2.0486877
PROP_20506,2.9455733
PROP_10092,1.9017066
PROP_09613,0.70750684
PROP_12544,2.0151503
PROP_11006,3.4487932
PROP_09210,1.0942616
PROP_15196,2.9614155
PROP_01163,0.6025863
PROP_03894,2.1320953
PROP_02090,0.55185527
PROP_17472,3.9620426
PROP_00139,3.5781572
PROP_03919,2.3695812
PROP_19941,0.7440773
PROP_15488,1.6896446
PROP_03570,2.237835
PROP_06492,1.6648524
PROP_12148,1.0185435
PROP_04072,4.8845263
PROP_11450,2.9641352
PROP_02812,0.5696949
PROP_10205,2.3228538
PROP_09792,3.9251888
PROP_13262,1.7215027
PROP_16238,1.3357025
PROP_20368,2.289611
PROP_02503,0.6527236
PROP_03559,2.5144792
PROP_09634,1.285936
PROP_15718,2.1318223
PROP_10689,0.8528685
PROP_16978,2.839081
PROP_13634,0.9819205
PROP_04166,1.5878297
PROP_14161,1.4642212
PROP_19357,1.2052455
PROP_19227,3.1852825
PROP_04794,2.176242
PROP_15500,3.391989
PROP_07125,1.5392866
PROP_10074,1.2987221
PROP_15323,1.7245183
PROP_14030,2.0742493
PROP_06669,3.7912645
PROP_12471,1.0334864
PROP_16795,2.7425418
PROP_15506,1.5518566
PROP_15919,2.5365653
PROP_19237,3.1417546
PROP_13914,0.7286369
PROP_09432,2.152507
PROP_01227,1.1559618
PROP_12459,0.8148135
PROP_16900,3.6445336
PROP_05418,4.7742443
PROP_19154,2.1097627
PROP_13483,0.9703979
PROP_01710,1.6613573
PROP_07516,1.2661805
PROP_03519,2.3880455
PROP_18860,1.9021105
PROP_02753,0.66453445
PROP_12286,1.9639087
PROP_12781,0.6319372
PROP_02616,0.85490346
PROP_10671,4.8747973
PROP_10369,1.9795408
PROP_12243,0.9250909
PROP_10013,1.3284711
PROP_15584,1.6703593
PROP_04740,3.773137
PROP_15268,2.8624885
PROP_05421,4.540856
PROP_18282,5.126992
PROP_04832,1.5281794
PROP_10443,3.0125728
PROP_04699,3.8836374
PROP_04344,1.9918799
PROP_10547,3.1347163
PROP_12384,1.570824
PROP_19212,1.8733244
PROP_01202,0.59190136
PROP_00210,1.4709519
PROP_04580,1.9982742
PROP_16313,1.9643997
PROP_09625,0.5682824
PROP_11844,0.8820472
PROP_06705,2.7624211
PROP_17129,1.7033523
PROP_11438,2.5176704
PROP_15905,2.3401623
PROP_00424,3.5927742
PROP_14493,2.2998154
PROP_09606,0.7271266
PROP_15823,2.7414167
PROP_14164,1.3888254
PROP_12660,0.8174584
PROP_01805,1.2926364
PROP_09565,0.80550313
PROP_08842,3.0342977
PROP_13866,1.1186349
PROP_03388,3.362947
PROP_20275,2.1572456
PROP_04871,1.5266942
PROP_00327,1.0806645
PROP_07275,1.2030706
PROP_12014,3.119744
PROP_11272,1.8776444
PROP_07698,2.6333382
PROP_05090,0.97169316
PROP_19394,0.8992172
PROP_00088,2.1512735
PROP_13952,2.6580374
PROP_16421,1.1323464
PROP_16770,2.463257
PROP_10091,1.9802806
PROP_20169,2.4510002
PROP_09008,4.395524
PROP_06248,1.5052483
PROP_01056,0.97536075
PROP_02202,1.1537446
PROP_01084,0.83256024
PROP_02946,0.5168002
PROP_04143,1.5082169
PROP_18010,3.0132954
PROP_10375,3.0932634
PROP_08233,1.4555732
PROP_03522,2.292488
PROP_02392,1.5219214
PROP_07411,1.2772171
PROP_01205,0.7336137
PROP_16162,3.4534383
PROP_06181,2.5856402
PROP_04941,1.1650219
PROP_02150,0.6994359
PROP_16814,2.8552303
PROP_19621,1.6561915
PROP_10429,3.5964065
PROP_06063,2.9182506
PROP_13533,1.0563883
PROP_14003,0.62547284
PROP_02605,1.0070596
PROP_20605,0.6902539
PROP_20308,1.8245059
PROP_15175,3.1103644
PROP_05483,3.4999545
PROP_01747,1.2294592
PROP_02405,0.5808972
PROP_14762,1.060481
PROP_14157,1.6553706
PROP_08237,1.6928892
PROP_15287,2.611659
PROP_05333,3.4406059
PROP_14746,1.3559678
PROP_11408,2.8021958
PROP_04510,1.3151108
PROP_03479,3.60239
PROP_05508,3.1479454
PROP_11198,1.5408307
PROP_05863,2.3794808
PROP_01729,1.2764235
PROP_14202,1.3034735
PROP_13940,1.7322161
PROP_03143,0.81344074
PROP_17477,2.3894358
PROP_20226,1.7113391
PROP_00221,1.5636145
PROP_11018,4.2321763
PROP_02145,0.6806203
PROP_20216,3.587862
PROP_04003,3.1412523
PROP_12374,1.7643259
PROP_03971,2.7088275
PROP_05215,1.0540649
PROP_15080,1.3755994
PROP_00499,1.248843
PROP_02119,0.57855684
PROP_01510,3.4493315
PROP_05568,1.9178872
PROP_02789,0.778857
PROP_13875,0.9819415
PROP_11403,1.9800242
PROP_06015,1.3588504
PROP_18553,2.4620037
PROP_18794,0.7154058
PROP_05045,1.8512274
PROP_07671,1.7641691
PROP_19171,2.2466042
PROP_15101,1.5773907
PROP_06904,2.110709
PROP_20017,0.91416436
PROP_00466,2.1293232
PROP_00059,2.0465252
PROP_06161,1.9113365
PROP_04984,1.3370196
PROP_05653,2.6083353
PROP_15953,2.4545321
PROP_12233,1.0808034
PROP_11898,2.4720886
PROP_03776,3.1211467
PROP_04874,1.837609
PROP_10660,2.7429545
PROP_07791,1.4386014
PROP_13082,1.266731
PROP_08284,2.8983212
PROP_17346,2.2777739
PROP_13510,1.0352317
PROP_20100,1.0157915
PROP_09195,1.2427404
PROP_00878,1.984465
PROP_12577,1.0144794
PROP_16240,1.0030907
PROP_16202,0.5529876
PROP_16073,3.1824374
PROP_12136,2.1132007
PROP_03421,1.44357
PROP_06497,1.4698465
PROP_11584,2.431743
PROP_01402,2.2803879
PROP_03062,1.0267001
PROP_12344,1.3996965
PROP_12503,1.325686
PROP_20611,0.59887433
PROP_18533,1.9782747
PROP_19161,2.012691
PROP_18854,1.0616758
PROP_11732,1.1765201
PROP_05937,1.6713018
PROP_01962,1.415332
PROP_04338,2.4512713
PROP_00200,1.5934825
PROP_12223,2.0826154
PROP_14420,2.0395784
PROP_07841,1.4842411
PROP_04404,1.6464171
PROP_17878,2.0092568
PROP_11092,2.2768836
PROP_16676,2.519091
PROP_04730,2.6772194
PROP_13398,1.2247047
PROP_13517,0.9167896
PROP_00898,2.1328456
PROP_09525,1.4916697
PROP_04084,4.048946
PROP_09457,0.721749
PROP_01453,1.7265623
PROP_08508,2.2738974
PROP_03725,2.3877184
PROP_13948,1.6274112
PROP_11899,2.6218565
PROP_01092,1.2831268
PROP_11880,1.2511046
PROP_09421,2.710974
PROP_15494,2.4251325
PROP_08612,3.25266
PROP_01862,0.8576212
PROP_19496,1.4218643
PROP_05170,1.0148425
PROP_14957,2.5775917
PROP_15067,1.2993867
PROP_06467,2.585365
PROP_16877,4.642083
PROP_03836,2.2821076
PROP_19002,1.50368
PROP_02898,0.67317104
PROP_18889,0.99055725
PROP_10888,2.1458118
PROP_07732,2.1499484
PROP_06153,1.6584492
PROP_10029,1.3063041
PROP_07402,0.95035374
PROP_13624,0.7151473
PROP_11225,2.3200753
PROP_08136,2.4350598
PROP_09102,1.4312121
PROP_18310,3.523136
PROP_15909,3.0736115
PROP_08797,5.1043205
PROP_05211,1.1737541
PROP_09532,0.8232217
PROP_13358,1.6069217
PROP_06876,1.7092247
PROP_11726,1.0255723
PROP_08958,3.3590326
PROP_11717,1.8730056
PROP_04128,2.1159706
PROP_12086,2.0400639
PROP_15881,2.112709
PROP_06383,2.988956
PROP_12527,0.8575558
PROP_19271,2.929629
PROP_17142,4.1672764
PROP_01282,1.0409026
PROP_18217,3.3028412
PROP_04843,1.378296
PROP_07650,2.1126473
PROP_15706,2.5691314
PROP_19902,0.71817905
PROP_08083,1.6322261
PROP_02127,0.8851141
PROP_14829,1.1183012
PROP_04527,1.3299689
PROP_05377,3.321161
PROP_02862,0.9825804
PROP_03115,0.67339
PROP_03323,1.2053752
PROP_05464,3.790193
PROP_09237,0.53363925
PROP_01534,2.450438
PROP_04411,2.663471
PROP_17877,2.252568
PROP_03189,1.0077158
PROP_15968,2.2855408
PROP_15285,2.4008296
PROP_06259,1.5780622
PROP_01978,1.5567117
PROP_02133,0.7074615
PROP_02270,0.5951869
PROP_12094,2.1012964
PROP_20318,1.5652323
PROP_05940,1.3889078
PROP_10994,2.1680002
PROP_13620,0.7910884
PROP_15109,1.6208378
PROP_14876,1.2449672
PROP_15333,1.8780376
PROP_01489,1.7284663
PROP_16132,3.6488936
PROP_01114,0.9456985
PROP_06607,2.1092422
PROP_14359,3.8313634
PROP_19951,0.9608481
PROP_06688,1.7982281
PROP_15657,2.6900785
PROP_03277,0.8766578
PROP_04909,1.3899313
PROP_14951,1.4071985
PROP_09295,3.8796866
PROP_04351,3.590253
PROP_16786,2.7833595
PROP_11015,3.4338226
PROP_15015,1.6494356
PROP_16969,3.7146206
PROP_01624,3.0102553
PROP_16356,1.1804111
PROP_06662,2.4281352
PROP_13514,1.0046208
PROP_18273,5.02871
PROP_04149,1.6958134
PROP_10262,2.7886102
PROP_08527,2.4637942
PROP_04574,1.8509979
PROP_15181,2.7230911
PROP_01712,1.5482287
PROP_10366,3.1926699
PROP_14958,2.458458
PROP_14273,0.9194325
PROP_02748,0.95215183
PROP_01258,1.5129967
PROP_11786,2.2958505
PROP_05139,1.0261081
PROP_18386,3.4810367
PROP_20231,3.235777
PROP_08913,3.6099625
PROP_17212,3.1874714
PROP_17077,2.566995
PROP_00273,1.8578409
PROP_14669,1.7272167
PROP_08932,4.52007
PROP_13430,1.1382754
PROP_13972,1.0441971
PROP_17406,1.2396907
PROP_04110,4.493701
PROP_10803,3.996056
PROP_15882,2.1914043
PROP_16000,3.2089512
PROP_14575,2.2668238
PROP_10961,1.6878213
PROP_16805,2.3616505
PROP_15006,1.4880449
PROP_01063,1.298827
PROP_16541,1.3372151
PROP_11805,1.2070433
PROP_15960,2.3867843
PROP_09056,1.1238339
PROP_16155,3.5617518
PROP_15664,4.7901497
PROP_07921,1.8778125
PROP_13523,1.1324074
PROP_11841,0.94598395
PROP_16899,3.340743
PROP_17781,1.8090385
PROP_17372,1.6935108
PROP_12593,0.97202677
PROP_04097,4.4483514
PROP_17990,2.6538317
PROP_06685,3.194052
PROP_07178,1.4574419
PROP_04618,2.4979856
PROP_14921,1.3734776
PROP_19278,1.4849339
PROP_19059,1.9070474
PROP_20184,2.255423
PROP_11768,1.3064239
PROP_09459,0.97824085
PROP_03974,3.339663
PROP_09320,2.7849936
PROP_06108,1.6958549
PROP_19939,0.78186154
PROP_07625,1.6120116
PROP_13845,0.97489727
PROP_20280,1.8124137
PROP_03165,0.63600975
PROP_03505,1.9642224
PROP_01604,2.0039701
PROP_18878,1.2343836
PROP_18969,1.2084183
PROP_12898,1.6174537
PROP_16453,0.9370766
PROP_18011,2.8864834
PROP_18000,2.808968
PROP_04010,3.6156917
PROP_19797,0.67724806
PROP_20614,0.73081875
PROP_16271,0.70959437
PROP_13356,1.9142371
PROP_00423,3.5614495
PROP_06373,3.1994464
PROP_19527,1.298388
PROP_16938,5.012926
PROP_00257,0.9563543
PROP_03492,2.2486572
PROP_14047,1.3856047
PROP_17975,2.8749063
PROP_06510,1.7803068
PROP_20178,3.3111458
PROP_14685,2.5274746
PROP_15209,2.7039557
PROP_16074,3.0075996
PROP_09426,3.9234035
PROP_08327,1.1613785
PROP_06311,2.4125404
PROP_19845,0.51284224
PROP_14879,1.6473129
PROP_15508,1.568144
PROP_03753,2.594142
PROP_10884,2.9890978
PROP_07468,1.2864039
PROP_17876,2.246586
PROP_12549,0.9250653
PROP_01743,0.9797296
PROP_15248,4.1285043
PROP_01443,1.9328595
PROP_19062,2.0163178
PROP_17708,1.6936651
PROP_00346,1.0392724
PROP_11162,1.9961683
PROP_12056,1.2447283
PROP_17683,2.4324872
PROP_15982,3.6343007
PROP_17489,2.0448043
PROP_08729,2.5585852
PROP_11277,1.9940623
PROP_08807,4.91179
PROP_14587,1.6992152
PROP_07120,2.1760466
PROP_18075,4.9433436
PROP_04413,1.8220763
PROP_11071,2.3486552
PROP_05502,4.580536
PROP_06808,2.1670926
PROP_15789,2.226558
PROP_19479,1.3268794
PROP_19393,1.0309551
PROP_02247,0.80509496
PROP_02008,0.5930636
PROP_18839,0.84288555
PROP_08223,1.6385652
PROP_19033,2.2619793
PROP_02277,1.1748652
PROP_02876,0.47550446
PROP_08057,1.8424349
PROP_18962,1.2115223
PROP_08688,2.5410383
PROP_05182,0.94979453
PROP_10342,2.1443882
PROP_15685,5.0122724
PROP_14321,1.1485957
PROP_01061,1.2058561
PROP_11612,2.2872286
PROP_00640,1.7979615
PROP_02622,0.7525044
PROP_08496,2.0804873
PROP_00103,2.331697
PROP_17574,2.0231545
PROP_06148,1.4591053
PROP_08616,3.8221464
PROP_12240,0.9336821
PROP_14907,1.7971625
PROP_08122,1.4047654
PROP_15066,1.2076195
PROP_03528,2.5437922
PROP_18669,2.5778768
PROP_14104,1.093575
PROP_11067,1.992408
PROP_17842,2.2229135
PROP_18208,2.602006
PROP_03073,0.58601767
PROP_15886,1.8131716
PROP_11376,2.419935
PROP_11847,1.1115452
PROP_14703,2.2346594
PROP_20197,2.2700303
PROP_14323,1.1707921
PROP_10656,2.4573746
PROP_19366,1.7450701
PROP_03106,1.1719397
PROP_13444,1.0289223
PROP_10575,3.1870828
PROP_08260,2.3631258
PROP_15112,1.5602213
PROP_02250,1.7021037
PROP_20375,3.975532
PROP_12550,1.5006795
PROP_12169,1.2468804
PROP_16989,4.21434
PROP_20077,1.1385541
PROP_06916,3.9336638
PROP_12663,0.969655
PROP_08561,3.3097875
PROP_07667,1.634938
PROP_04258,3.0982058
PROP_12798,0.6052257
PROP_03638,1.836416
PROP_09712,2.1508489
PROP_10712,2.0081084
PROP_14869,1.2517416
PROP_00057,0.8888399
PROP_06494,1.6787742
PROP_14874,1.1417218
PROP_14700,2.2265925
PROP_09811,5.102451
PROP_11596,4.017409
PROP_14677,2.6199787
PROP_12160,1.343174
PROP_20337,2.7087755
PROP_15774,3.8526313
PROP_17922,2.5757394
PROP_00459,2.8706522
PROP_17603,2.499341
PROP_17383,2.072517
PROP_16799,2.565817
PROP_05893,2.458873
PROP_16111,3.207611
PROP_10414,1.9519525
PROP_11000,4.6337113
PROP_08030,2.2420595
PROP_17699,1.8581389
PROP_04441,1.5388453
PROP_08203,1.7108966
PROP_08931,4.202837
PROP_17871,2.139911
PROP_19683,0.77517635
PROP_16039,2.4982455
PROP_04178,1.4928932
PROP_05099,1.2494575
PROP_02153,1.1160796
PROP_04519,1.405973
PROP_12480,1.1528562
PROP_14192,1.320347
PROP_05230,0.9652846
PROP_12769,1.0444546
PROP_16534,1.4524275
PROP_11476,2.9236896
PROP_16821,2.9754674
PROP_20483,2.2674286
PROP_00379,0.9931801
PROP_06267,1.6953306
PROP_13351,2.0077863
PROP_20514,1.0781318
PROP_03578,1.9814333
PROP_02361,1.2523751
PROP_20324,1.9244596
PROP_10134,2.2948153
PROP_12922,1.5692331
PROP_02003,0.5941267
PROP_18772,0.7545306
PROP_07121,2.242232
PROP_19374,1.1268005
PROP_07997,2.1337588
PROP_08489,1.5221833
PROP_00649,2.2374651
PROP_13197,1.2477937
PROP_14421,1.967373
PROP_08939,4.117641
PROP_15274,1.880892
PROP_02199,1.3504235
PROP_08732,2.0981297
PROP_06245,1.4796481
PROP_16432,1.8378601
PROP_13508,0.7763342
PROP_00911,2.505503
PROP_11832,1.3956348
PROP_14505,2.13624
PROP_06145,1.6201912
PROP_14887,1.4403887
PROP_12927,2.0003324
PROP_05115,1.4272317
PROP_08499,2.122723
PROP_10676,4.0967383
PROP_10562,4.4193296
PROP_06741,2.3995473
PROP_18577,1.867899
PROP_08142,2.7063422
PROP_05689,3.0095751
PROP_19537,1.1650515
PROP_20617,0.99148744
PROP_09402,2.870596
PROP_19519,0.95310646
PROP_12815,1.2990049
PROP_09501,1.7508521
PROP_03111,0.5656276
PROP_17792,1.7667277
PROP_19699,1.0559802
PROP_14834,0.9940801
PROP_16178,2.3211467
PROP_03947,1.9480406
PROP_05165,0.96154743
PROP_07241,1.8418028
PROP_10792,4.468469
PROP_04918,1.1226134
PROP_05513,2.8120997
PROP_15902,2.6377912
PROP_03589,2.1647217
PROP_02480,0.63271546
PROP_03171,0.876094
PROP_17805,2.0698013
PROP_10679,3.2579145
PROP_06660,2.0528977
PROP_00467,1.7989722
PROP_04949,1.2361577
PROP_07852,1.7750746
PROP_03571,4.6822367
PROP_03532,2.825225
PROP_02878,0.6025985
PROP_00826,2.0055358
PROP_12438,0.69356644
PROP_06515,1.5459071
PROP_09651,0.7862452
PROP_16065,3.2583148
PROP_19276,1.5525098
PROP_03405,3.616038
PROP_19889,0.6330248
PROP_05589,2.2129364
PROP_18607,4.095769
PROP_02171,0.9229299
PROP_05382,3.3102148
PROP_11365,2.316042
PROP_15858,2.313258
PROP_10356,2.8469455
PROP_20240,2.1679256
PROP_03394,1.821895
PROP_00482,1.8537927
PROP_08985,4.031289
PROP_05943,1.9158168
PROP_17437,1.8712211
PROP_13632,0.77934015
PROP_11292,2.0246153
PROP_12010,1.5376604
PROP_02621,2.212519
PROP_08786,4.8190455
PROP_07912,1.6232464
PROP_11804,1.0614843
PROP_05035,1.38943
PROP_13373,2.3564425
PROP_02703,0.6657137
PROP_14774,1.245584
PROP_03200,0.8903689
PROP_09995,1.8580064
PROP_06072,3.761137
PROP_00003,3.2391546
PROP_03979,2.485961
PROP_13188,1.4467947
PROP_14528,1.7705855
PROP_05174,1.0396819
PROP_03588,1.975659
PROP_04153,1.5814577
PROP_18986,1.421312
PROP_05304,5.0610003
PROP_08468,1.8456054
PROP_17084,2.1728528
PROP_19156,1.9533036
PROP_17786,2.0662298
PROP_04119,2.7604856
PROP_00344,0.9088785
PROP_05293,5.0981994
PROP_04073,4.733346
PROP_18887,1.1873174
PROP_19281,1.7362628
PROP_17510,1.8372724
PROP_17474,2.7365594
PROP_13781,0.9762756
PROP_07298,1.5837209
PROP_09114,2.1835713
PROP_11209,1.6473962
PROP_11031,2.543091
PROP_03623,1.8518422
PROP_20007,0.7289152
PROP_08094,1.6177807
PROP_08192,2.7870579
PROP_02195,0.82752043
PROP_12339,1.6828953
PROP_04564,1.7280911
PROP_04847,1.1785723
PROP_00042,1.2675363
PROP_09934,2.174111
PROP_19284,1.6326518
PROP_01522,2.385945
PROP_04442,1.4283372
PROP_08902,3.8738422
PROP_05112,1.8117971
PROP_02112,0.47671565
PROP_07109,1.8895551
PROP_10413,1.8326477
PROP_00795,1.7849656
PROP_12510,0.94985235
PROP_08735,2.7305653
PROP_18241,3.4557326
PROP_06831,1.9716842
PROP_18919,1.9498794
PROP_03334,1.6220299
PROP_14705,2.689026
PROP_15612,1.827439
PROP_04013,3.668238
PROP_17110,5.010639
PROP_10430,3.4188643
PROP_09400,4.4805703
PROP_03707,1.6659256
PROP_18961,1.1345234
PROP_05436,3.0265107
PROP_02325,0.7883198
PROP_18807,0.61427516
PROP_09477,1.2721378
PROP_00046,1.5454445
PROP_20462,3.2657285
PROP_04751,1.5212284
PROP_13298,1.2055062
PROP_05564,1.6671742
PROP_16016,4.4460144
PROP_17131,2.8276808
PROP_11752,1.4540694
PROP_02308,1.0994323
PROP_13498,0.7005435
PROP_10540,3.506589
PROP_17953,2.9580603
PROP_16847,2.9819639
PROP_08814,5.0212817
PROP_18675,3.7927074
PROP_19188,1.8104867
PROP_20214,2.3961635
PROP_17375,1.7883466
PROP_15146,2.0838592
PROP_11503,3.9605503
PROP_02915,1.3568469
PROP_11325,1.7965009
PROP_18483,2.9766762
PROP_07250,1.7724148
PROP_13552,0.708015
PROP_14894,1.3520564
PROP_08352,2.5001957
PROP_03470,1.6865503
PROP_10021,1.1757095
PROP_15361,2.359278
PROP_02794,1.0502088
PROP_19503,0.93638843
PROP_00708,1.5531247
PROP_00819,1.7469882
PROP_09683,1.671779
PROP_03035,1.0919483
PROP_11297,2.0251653
PROP_17512,2.611111
PROP_03794,3.575261
PROP_14488,4.623001
PROP_04520,1.465837
PROP_16160,3.536892
PROP_04671,1.92645
PROP_11299,2.1533682
PROP_08816,5.073273
PROP_07144,1.7490222
PROP_04191,2.2312324
PROP_04296,2.0013368
PROP_04884,1.2017626
PROP_14174,1.3125255
PROP_10191,2.137625
PROP_00644,3.5997095
PROP_15148,1.8409957
PROP_13890,0.93453074
PROP_14425,3.2113717
PROP_14578,1.8381575
PROP_14351,2.0661564
PROP_08059,1.4847747
PROP_08965,2.4832513
PROP_08694,2.6295865
PROP_16574,1.6791375
PROP_11640,2.6577575
PROP_08225,1.56211
PROP_05456,3.213691
PROP_16700,1.5401667
PROP_08743,3.2833176
PROP_08135,2.379505
PROP_15537,1.5612994
PROP_15208,2.4154088
PROP_12810,0.71239054
PROP_10045,1.7551564
PROP_19196,2.1223328
PROP_01430,1.5626118
PROP_13485,1.172671
PROP_06350,3.3613281
PROP_16493,1.6586183
PROP_18948,1.8725446
PROP_10951,1.8935384
PROP_13320,1.1416855
PROP_04307,2.2802525
PROP_08247,1.415915
PROP_11773,1.3494716
PROP_07899,2.183899
PROP_11567,2.1080725
PROP_13735,1.8418679
PROP_08909,3.9562814
PROP_02856,0.95013374
PROP_11330,1.8924518
PROP_07917,1.8793945
PROP_06959,1.7602552
PROP_19836,0.72302276
PROP_14176,1.4919157
PROP_04037,2.8849156
PROP_17176,3.542806
PROP_19038,1.123046
PROP_05709,2.560765
PROP_05792,2.1941524
PROP_17325,3.338766
PROP_04983,1.2270889
PROP_07840,1.5217181
PROP_12754,1.3759549
PROP_02117,0.84288675
PROP_07748,1.7551144
PROP_00668,1.8794197
PROP_01162,0.6582452
PROP_05031,1.3794038
PROP_02579,1.1259568
PROP_15459,2.1741786
PROP_08818,4.4097915
PROP_07270,1.2705977
PROP_17411,1.1561686
PROP_00431,2.497346
PROP_04935,1.1090657
PROP_06306,2.081596
PROP_11544,3.3379693
PROP_10039,1.4641383
PROP_19372,1.5325767
PROP_05459,3.061098
PROP_03128,0.8670339
PROP_05305,5.122949
PROP_04373,3.754804
PROP_13142,1.0131236
PROP_07303,1.5498464
PROP_16269,0.64620674
PROP_10072,0.98880297
PROP_11958,1.7585953
PROP_06328,2.9368207
PROP_14468,5.1268005
PROP_00315,0.96307117
PROP_07185,1.3884697
PROP_15925,2.5752006
PROP_16518,1.1733352
PROP_01419,2.0379467
PROP_02554,0.8251042
PROP_18210,2.9970295
PROP_18595,2.5128477
PROP_10525,1.861218
PROP_07015,1.7531677
PROP_15966,2.4060447
PROP_03169,0.64502627
PROP_15879,2.069793
PROP_09925,2.6782148
PROP_00293,1.3412055
PROP_20638,0.803443
PROP_11474,1.749339
PROP_12761,1.2931246
PROP_19011,1.610345
PROP_12968,1.2018224
PROP_20470,1.9399279
PROP_00907,2.3861701
PROP_03233,1.0364004
PROP_06977,4.5598965
PROP_06340,1.7354668
PROP_01994,0.56591755
PROP_01704,1.3442342
PROP_05478,3.27945
PROP_12957,1.4993824
PROP_00977,4.6825385
PROP_15995,4.2524204
PROP_18352,5.067608
PROP_10909,1.7147834
PROP_00621,1.998985
PROP_10772,2.958932
PROP_05996,1.2094878
PROP_12134,1.5538836
PROP_15771,4.1134577
PROP_01153,1.1810246
PROP_07477,1.2864091
PROP_09326,3.0821707
PROP_00586,3.31969
PROP_04509,1.3868583
PROP_06444,3.7708583
PROP_11098,2.9692614
PROP_07136,1.9952029
PROP_04031,3.2183356
PROP_07038,1.6551827
PROP_06315,3.3834836
PROP_14903,1.321632
PROP_18810,0.7919023
PROP_09660,0.67916507
PROP_14410,3.046033
PROP_08025,2.3526504
PROP_05042,1.09783
PROP_06619,3.5512192
PROP_00852,1.8844563
PROP_11276,1.9004362
PROP_08937,4.2108307
PROP_12209,1.6048728
PROP_12110,1.0829216
PROP_01339,1.1365492
PROP_20325,2.6719038
PROP_14339,1.9912335
PROP_03461,2.0994024
PROP_04772,1.6925576
PROP_15991,3.4341047
PROP_00736,2.203079
PROP_04930,1.1245412
PROP_03931,1.929883
PROP_10144,2.647638
PROP_07885,1.9251165
PROP_00450,2.3258946
PROP_12620,2.2969947
PROP_03341,1.0477531
PROP_11976,1.4497972
PROP_04770,1.2646945
PROP_03538,2.8384469
PROP_14054,1.2972482
PROP_19027,2.5594938
PROP_18545,2.622571
PROP_02988,0.68935406
PROP_03463,1.8581945
PROP_16072,3.2527769
PROP_17594,2.682879
PROP_01144,0.8142953
PROP_03507,2.2299507
PROP_17952,2.5268054
PROP_05732,4.1229153
PROP_01237,1.1840826
PROP_17155,4.7678704
PROP_02950,0.49191436
PROP_09585,0.95260257
PROP_08280,2.1169665
PROP_08888,4.6281476
PROP_12792,1.0769149
PROP_00041,1.4387746
PROP_08756,3.3661678
PROP_14469,4.966558
PROP_09443,1.212795
PROP_12822,3.4375594
PROP_13119,1.5344911
PROP_17645,2.5983553
PROP_16704,2.1059847
PROP_02034,0.5233624
PROP_01123,1.14018
PROP_02315,1.1355224
PROP_09298,3.7277694
PROP_12969,1.405507
PROP_14399,2.4323914
PROP_02617,0.99160695
PROP_16825,2.4567442
PROP_07356,1.5379279
PROP_01347,1.9045967
PROP_16553,1.7124202
PROP_08466,1.91885
PROP_02312,1.1552212
PROP_02534,0.8952952
PROP_20500,2.5014722
PROP_17061,2.9850066
PROP_17397,1.0323044
PROP_06880,1.8745542
PROP_15138,1.5998687
PROP_00090,1.6926026
PROP_12482,1.340886
PROP_00035,1.2756602
PROP_04356,3.0881336
PROP_09902,1.4145863
PROP_04836,1.5818272
PROP_18391,3.0874362
PROP_07348,1.5589378
PROP_08665,3.9116147
PROP_00705,2.5926032
PROP_02207,1.2117442
PROP_07518,1.2972428
PROP_06693,2.9025092
PROP_07881,1.9995064
PROP_10992,2.4413016
PROP_03211,0.70880514
PROP_15077,2.6525588
PROP_04291,2.4532573
PROP_06659,1.9552965
PROP_15609,2.9643757
PROP_08509,2.3125768
PROP_17752,1.7046013
PROP_07802,1.812889
PROP_06188,1.735765
PROP_15430,1.4986825
PROP_05952,1.875874
PROP_02002,0.49451888
PROP_04325,3.474708
PROP_03993,3.8193529
PROP_03265,1.2226954
PROP_15521,1.2480984
PROP_04774,1.6012557
PROP_15821,2.6266778
PROP_12846,0.9377592
PROP_02676,0.9382765
PROP_03207,1.0086046
PROP_19094,2.1263213
PROP_06913,3.2325342
PROP_07466,1.5509393
PROP_18224,2.9094322
PROP_16861,2.5438342
PROP_15551,1.5236634
PROP_12068,2.825501
PROP_07782,2.030835
PROP_01866,1.1418817
PROP_02221,1.5854964
PROP_02930,0.47631255
PROP_14639,2.3854527
PROP_13008,0.9572646
PROP_02929,0.4581686
PROP_10424,3.0473247
PROP_00651,1.998292
PROP_02699,0.6477167
PROP_11624,2.5240824
PROP_03806,1.8195852
PROP_15013,1.6979822
PROP_04015,4.598911
PROP_12639,0.5989252
PROP_14233,1.3528898
PROP_10598,3.453205
PROP_16114,2.9420183
PROP_12319,1.1443734
PROP_12813,1.3218865
PROP_19981,0.70582306
PROP_00017,1.5183014
PROP_04438,1.4189608
PROP_17653,2.054016
PROP_07172,1.4508399
PROP_12834,1.1029086
PROP_08197,2.4269168
PROP_02724,0.70027804
PROP_06002,1.2670281
PROP_04822,3.3784778
PROP_14684,3.3451574
PROP_04337,2.4470024
PROP_17592,2.5584786
PROP_00647,1.7082093
PROP_14572,2.261392
PROP_10881,2.1508334
PROP_09334,2.9448183
PROP_01321,0.8931737
PROP_14355,2.511075
PROP_16733,1.4560072
PROP_01905,1.2240767
PROP_20578,0.9362063
PROP_10034,1.3604225
PROP_14568,1.9527805
PROP_19884,0.9063293
PROP_20304,1.921359
PROP_03315,1.2058975
PROP_05719,2.983348
PROP_17629,2.7395272
PROP_01429,1.6362087
PROP_20480,2.234355
PROP_17023,4.711504
PROP_00217,1.3941315
PROP_15804,4.5342994
PROP_08103,1.6396298
PROP_15300,2.1641743
PROP_01396,1.7744008
PROP_07589,1.2572896
PROP_14213,1.2770003
PROP_14708,2.2384756
PROP_02725,0.57041246
PROP_01739,1.2978675
PROP_19124,2.4668314
PROP_15736,3.49728
PROP_08421,1.8293601
PROP_13553,0.6919884
PROP_12321,0.9286107
PROP_17647,2.499164
PROP_20497,2.6077251
PROP_18178,2.6367645
PROP_05635,1.938229
PROP_16012,4.7947807
PROP_11761,1.925131
PROP_19979,0.7591297
PROP_16600,0.9813753
PROP_13809,0.6212969
PROP_18893,1.3189733
PROP_18044,3.305312
PROP_07828,1.6588247
PROP_10193,2.1267748
PROP_12667,1.0893105
PROP_11309,1.7809544
PROP_06178,1.7404625
PROP_01838,1.7837526
PROP_20111,1.184976
PROP_02879,0.52512586
PROP_08034,2.9147058
PROP_08929,4.705667
PROP_09272,3.2308168
PROP_14378,3.4993014
PROP_00387,2.279918
PROP_20021,0.9462758
PROP_19048,1.3251319
PROP_13636,0.75801533
PROP_20292,1.914092
PROP_01035,1.1708978
PROP_08046,2.141257
PROP_07753,2.000418
PROP_02448,0.96995497
PROP_00841,1.8472661
PROP_07638,2.6125143
PROP_10149,3.9007242
PROP_16408,0.87642306
PROP_05566,1.2655791
PROP_04921,1.1090434
PROP_02767,0.6749593
PROP_13268,1.432711
PROP_04572,1.8150039
PROP_03425,1.7734761
PROP_07293,1.2755967
PROP_12767,0.96764237
PROP_04339,2.1840239
PROP_09682,1.4693638
PROP_16088,2.8960116
PROP_11709,1.6740115
PROP_03434,1.5014771
PROP_07691,3.7964838
PROP_13352,1.5960639
PROP_12864,1.1411437
PROP_02065,0.7937545
PROP_11337,1.8363531
PROP_14717,3.8562822
PROP_01444,1.8618304
PROP_09680,1.2954234
PROP_01372,1.3525122
PROP_00278,1.2568549
PROP_14530,1.7577828
PROP_11388,3.1484785
PROP_19345,1.8438168
PROP_19984,0.72647625
PROP_00513,4.5140934
PROP_04170,1.857715
PROP_14912,1.3264922
PROP_04333,3.0415404
PROP_17598,2.880814
PROP_06903,2.2052782
PROP_02380,0.86691076
PROP_14044,1.438144
PROP_07771,1.6869596
PROP_11373,2.5346916
PROP_16508,1.4046838
PROP_17899,2.3715408
PROP_05548,3.208034
PROP_08064,2.6021671
PROP_20257,1.3080646
PROP_10613,2.808691
PROP_12800,0.7079387
PROP_07301,1.5158051
PROP_19740,0.92182624
PROP_20306,2.0501533
PROP_15828,3.3808715
PROP_19246,1.6666094
PROP_13431,1.2684456
PROP_09189,2.5855803
PROP_04032,2.466675
PROP_14827,0.9757105
PROP_18347,5.125978
PROP_06577,4.8676047
PROP_19999,0.63961893
PROP_17945,2.6519644
PROP_06667,2.372661
PROP_15276,2.173361
PROP_15490,1.726697
PROP_17619,2.7286081
PROP_06074,3.7536395
PROP_10774,3.2937202
PROP_12598,0.9923282
PROP_04641,2.3846033
PROP_01705,2.0838096
PROP_06195,1.6483787
PROP_02571,1.0471823
PROP_13170,1.8990846
PROP_00476,1.6519278
PROP_03769,2.9140317
PROP_17524,3.1666844
PROP_11643,2.7923605
PROP_19322,1.6252295
PROP_03860,2.8975213
PROP_14429,2.0652874
PROP_03043,1.0592648
PROP_06084,2.0540626
PROP_11960,1.457868
PROP_17145,4.881597
PROP_07700,1.7045519
PROP_10827,2.885184
PROP_07646,1.6305923
PROP_00970,3.0113196
PROP_12863,1.0892305
PROP_15230,4.6289506
PROP_09892,1.4779245
PROP_17687,1.9028883
PROP_18636,3.1392226
PROP_17002,3.8189294
PROP_02935,0.52589685
PROP_16890,4.6330857
PROP_15535,2.3702686
PROP_07513,1.4750838
PROP_20263,1.8571608
PROP_04489,1.6438594
PROP_03352,0.75600564
PROP_12324,0.9196283
PROP_09397,3.6233642
PROP_20574,1.2414614
PROP_04688,4.2047124
PROP_14805,4.3787603
PROP_00733,2.0660648
PROP_15513,2.128756
PROP_04579,1.793957
PROP_13363,1.7502147
PROP_15139,1.636311
PROP_08398,1.662906
PROP_12059,1.2272949
PROP_17139,4.2132187
PROP_06141,1.550516
PROP_04472,1.6068499
PROP_14840,1.0671515
PROP_12882,1.2283441
PROP_12613,1.2737188
PROP_07462,1.4476234
PROP_01065,0.94358015
PROP_04702,2.8643246
PROP_13820,1.5689155
PROP_08180,2.6707907
PROP_07019,1.7423055
PROP_15759,4.205859
PROP_13604,1.0900618
PROP_07895,2.788208
PROP_11012,2.467574
PROP_06462,2.8968825
PROP_05916,1.6959579
PROP_09500,1.1375284
PROP_01441,1.4784836
PROP_03710,1.687952
PROP_06246,1.5584922
PROP_08623,3.1685345
PROP_03000,0.94330984
PROP_19162,1.799398
PROP_02444,0.5156974
PROP_04505,1.427174
PROP_05000,1.0241119
PROP_02687,1.2917438
PROP_19696,1.0714536
PROP_13462,1.1329906
PROP_10219,2.078743
PROP_18480,3.089669
PROP_12283,0.79364336
PROP_07886,2.4712937
PROP_08507,1.9302185
PROP_14929,3.08109
PROP_07517,1.4169338
PROP_08481,1.1280987
PROP_10272,1.7848169
PROP_00921,2.429997
PROP_01086,0.9818066
PROP_08178,2.3958855
PROP_12694,2.9982011
PROP_15831,3.7672737
PROP_09430,1.9160628
PROP_05081,1.2068615
PROP_12832,1.1506274
PROP_01362,1.9002147
PROP_05852,2.444264
PROP_06425,1.7207853
PROP_18801,0.89487165
PROP_14055,1.3693817
PROP_02232,0.9280406
PROP_16395,1.2302514
PROP_06803,1.9792247
PROP_09646,1.5120447
PROP_03256,1.3872094
PROP_10883,2.5948703
PROP_19786,0.69877887
PROP_09150,2.1763701
PROP_08621,3.9820535
PROP_04450,1.3682141
PROP_07539,1.1964091
PROP_05485,4.3593535
PROP_02129,0.9555839
PROP_02414,0.56530154
PROP_17493,4.813422
PROP_04192,1.9385983
PROP_07201,1.3601164
PROP_20276,2.5456448
PROP_05453,3.2208962
PROP_06798,2.0410655
PROP_17758,2.2412517
PROP_18080,5.042157
PROP_18901,1.0512192
PROP_06424,1.9333917
PROP_01383,1.880627
PROP_05148,0.92530614
PROP_12083,1.7558541
PROP_12104,1.9363607
PROP_09178,2.7194088
PROP_02635,0.8830868
PROP_07553,1.2788339
PROP_07831,1.7775506
PROP_06664,1.9778845
PROP_00169,1.2732066
PROP_04410,2.55595
PROP_20390,3.173323
PROP_17218,3.4379323
PROP_10880,2.0055873
PROP_17949,2.7867866
PROP_11936,1.1572672
PROP_06422,1.7379255
PROP_16962,3.8263915
PROP_15370,1.9898235
PROP_05282,4.3553133
PROP_11010,4.6254616
PROP_06677,2.219496
PROP_09800,4.263426
PROP_16186,0.8061134
PROP_13345,0.9476312
PROP_00137,4.225138
PROP_08028,2.268236
PROP_06532,1.9079536
PROP_14485,4.2970657
PROP_19336,2.0265183
PROP_05528,4.0327687
PROP_10423,3.444197
PROP_19589,1.5614383
PROP_08698,2.4096217
PROP_13289,1.2756311
PROP_03934,2.2313578
PROP_03263,0.8037531
PROP_05194,1.1685034
PROP_10341,1.9907142
PROP_07836,1.5099837
PROP_09889,1.985324
PROP_19422,1.5476556
PROP_09338,3.374123
PROP_15364,2.819703
PROP_02992,0.60707253
PROP_09605,0.9495818
PROP_06418,1.7952302
PROP_01397,1.8942577
PROP_07792,1.4673215
PROP_06757,3.2075005
PROP_07613,1.1843123
PROP_05098,1.5293108
PROP_03068,0.5340977
PROP_18517,3.412051
PROP_10436,3.1446202
PROP_02512,0.7233643
PROP_09240,1.1404966
PROP_15682,5.0199957
PROP_20610,0.62393856
PROP_08310,3.2374651
PROP_14960,2.104573
PROP_06377,3.0335078
PROP_17183,4.122418
PROP_02495,0.6317827
PROP_11648,2.0947702
PROP_13194,1.5310763
PROP_19305,2.5529952
PROP_07811,1.7920634
PROP_17704,2.044112
PROP_02085,0.8494428
PROP_12162,1.1076541
PROP_17039,4.3072176
PROP_08138,2.243484
PROP_03100,0.727508
PROP_14229,1.4712633
PROP_10282,1.9859225
PROP_03686,1.6975819
PROP_06138,1.5684897
PROP_12030,1.2605417
PROP_19962,0.91720146
PROP_08492,1.7683358
PROP_12596,0.866024
PROP_14002,1.0943726
PROP_08825,2.8007913
PROP_13488,0.9480002
PROP_14923,2.6086588
PROP_14000,1.4286565
PROP_19405,1.5067699
PROP_06602,1.4763615
PROP_18781,0.7467483
PROP_16936,4.4813933
PROP_13054,1.3043537
PROP_16934,3.268899
PROP_08801,3.8614154
PROP_00714,1.8758872
PROP_02678,0.66935486
PROP_08678,2.852958
PROP_04021,3.0888655
PROP_13381,1.5121226
PROP_15103,1.5295553
PROP_14497,2.1969082
PROP_08262,2.3693726
PROP_11698,2.6330843
PROP_06892,2.061766
PROP_00006,2.4897258
PROP_07220,1.5390186
PROP_14932,1.6771349
PROP_15819,2.5705404
PROP_18473,3.1926513
PROP_06863,2.2801156
PROP_08365,1.9340646
PROP_17475,3.0586822
PROP_12862,1.0416164
PROP_16316,0.8915472
PROP_04068,4.085075
PROP_06237,1.5003567
PROP_11833,2.2663596
PROP_05277,5.091584
PROP_20451,3.2295582
PROP_13671,1.0384974
PROP_07277,1.2090322
PROP_10228,1.6019278
PROP_18943,1.2535748
PROP_20166,2.2542546
PROP_13966,1.2886038
PROP_01023,1.0828629
PROP_05598,1.8842622
PROP_16445,1.410202
PROP_05332,3.3275223
PROP_17299,2.9568992
PROP_19138,2.0835528
PROP_12428,0.6529755
PROP_20397,2.584929
PROP_13745,1.3623885
PROP_06527,1.4166079
PROP_04028,3.1053617
PROP_12022,1.442738
PROP_05885,2.7253826
PROP_03242,0.64474225
PROP_08454,2.2445865
PROP_16533,1.3332049
PROP_13728,1.1197197
PROP_06451,4.057536
PROP_12146,1.2376864
PROP_09376,3.7180717
PROP_13334,1.3703326
PROP_03848,2.788981
PROP_18392,3.4085226
PROP_10445,3.5227733
PROP_02111,0.5273978
PROP_11583,3.362949
PROP_05532,4.0300117
PROP_18176,3.3064072
PROP_03926,2.1512551
PROP_10898,1.7669451
PROP_10407,2.0693119
PROP_11942,1.209242
PROP_06864,2.3697696
PROP_14046,1.8115703
PROP_00558,2.6322668
PROP_18703,0.6966884
PROP_19995,0.6547422
PROP_09656,0.9708579
PROP_06095,1.8549389
PROP_02727,0.6365182
PROP_11524,2.5098398
PROP_07873,1.8837124
PROP_17354,1.7869627
PROP_15186,2.76092
PROP_16953,4.2760425
PROP_06846,1.8169167
PROP_20525,1.2734603
PROP_17797,2.7376332
PROP_14305,1.0652647
PROP_07567,1.1728173
PROP_19851,0.60190606
PROP_04165,1.5377493
PROP_10810,1.9083961
PROP_10184,2.4689198
PROP_06134,1.4602478
PROP_13901,0.88026804
PROP_05048,3.2306025
PROP_01470,2.7609565
PROP_08213,1.3847983
PROP_15726,3.536122
PROP_17119,1.9326546
PROP_06407,4.6058187
PROP_18321,4.622617
PROP_13241,2.8288937
PROP_15843,3.0287616
PROP_04401,2.0468462
PROP_07721,2.5205908
PROP_20519,1.0325177
PROP_15115,1.8121318
PROP_06335,3.016502
PROP_09331,2.1301205
PROP_06815,2.3005116
PROP_04824,1.8400261
PROP_07100,2.1814518
PROP_02252,1.0262973
PROP_14105,1.2384281
PROP_11782,1.0998242
PROP_01869,1.0211807
PROP_20099,0.8823608
PROP_14129,0.996167
PROP_10843,2.3963048
PROP_13300,1.1768556
PROP_04821,3.0313597
PROP_09868,1.8634409
PROP_08760,4.539868
PROP_03023,0.6043131
PROP_16562,1.1878002
PROP_15834,3.6627243
PROP_01199,0.6768742
PROP_19392,1.0331225
PROP_09162,2.1385636
PROP_01277,3.0794117
PROP_17092,3.0489168
PROP_19455,1.744023
PROP_16289,0.71705645
PROP_00715,1.7470423
PROP_01670,1.473175
PROP_11188,1.780423
PROP_08503,2.1877954
PROP_14100,1.302969
PROP_09349,3.2550788
PROP_00361,3.1241722
PROP_13328,1.5062003
PROP_03975,2.6444998
PROP_05871,2.3730757
PROP_06955,2.6658578
PROP_08703,3.3862925
PROP_13098,1.3882886
PROP_16844,2.9265792
PROP_19544,0.7860267
PROP_10281,2.2313104
PROP_04842,2.2504692
PROP_17215,3.6748583
PROP_13531,1.1551778
PROP_03458,1.616539
PROP_17036,3.8421752
PROP_05412,4.3353004
PROP_08019,2.353172
PROP_01157,1.0019594
PROP_10166,4.6332574
PROP_12821,0.90884334
PROP_06301,1.424566
PROP_20035,0.5695397
PROP_18184,3.3262665
PROP_08618,3.796776
PROP_00460,2.8049707
PROP_07955,1.4840636
PROP_20187,3.1478355
PROP_12154,1.7608792
PROP_13384,1.5979751
PROP_14258,0.90801567
PROP_00291,1.7819568
PROP_06003,2.494792
PROP_19824,0.87791234
PROP_09463,1.2225986
PROP_16005,3.470268
PROP_15693,5.0917583
PROP_10027,1.2498281
PROP_13220,2.097336
PROP_06735,4.9939113
PROP_06097,2.0174599
PROP_04680,4.60882
PROP_09936,1.771192
PROP_07359,1.5312744
PROP_16547,1.2839327
PROP_08670,3.8846564
PROP_18869,1.3812302
PROP_19717,0.6941447
PROP_09222,0.8888144
PROP_05472,3.3644073
PROP_18554,1.8119637
PROP_10434,3.2821767
PROP_03310,0.71982247
PROP_18151,2.9044447
PROP_00900,2.1579936
PROP_02279,0.8322016
PROP_04058,3.4055798
PROP_09059,1.2130492
PROP_17812,2.2937193
PROP_05887,2.7506387
PROP_15321,1.6047338
PROP_00259,0.961956
PROP_11504,3.5673802
PROP_20019,0.93117225
PROP_01647,3.7635632
PROP_11020,4.751464
PROP_02910,0.59559447
PROP_10154,4.1716757
PROP_00230,1.5645261
PROP_20362,2.6248684
PROP_11199,1.7445022
PROP_03784,3.1608946
PROP_14538,1.9689729
PROP_05572,2.3660905
PROP_07324,1.6095747
PROP_11478,3.244612
PROP_13908,1.0009909
PROP_17927,2.6742332
PROP_16769,2.6956897
PROP_14800,1.2531742
PROP_15829,3.7967498
PROP_09572,0.9237468
PROP_07702,2.427527
PROP_19646,1.1441711
PROP_05460,3.236041
PROP_12280,1.7576758
PROP_11149,1.826391
PROP_17116,1.9030185
PROP_06388,4.22315
PROP_14409,2.3105912
PROP_12128,1.2540433
PROP_10168,2.8972473
PROP_11747,1.8990734
PROP_17616,2.420722
PROP_17570,2.654742
PROP_02626,1.3125244
PROP_14694,1.1531757
PROP_09757,1.2973047
PROP_17553,1.7714839
PROP_03585,2.2207637
PROP_16057,3.3815293
PROP_20228,2.1233969
PROP_15533,1.6524439
PROP_07796,1.6237949
PROP_12637,0.80589783
PROP_12932,1.6689426
PROP_15056,1.4357833
PROP_13337,1.5522106
PROP_09362,4.2763314
PROP_16262,0.63470984
PROP_05345,4.3640594
PROP_06482,1.9251024
PROP_16447,1.3391522
PROP_10221,1.6863204
PROP_12044,1.508636
PROP_04936,1.131487
PROP_07704,2.3472018
PROP_05671,3.117133
PROP_02066,0.69552815
PROP_03472,4.6037188
PROP_19189,1.7798462
PROP_13060,1.2258598
PROP_13980,1.2201941
PROP_18456,2.6018052
PROP_16097,3.1277187
PROP_03226,0.63313264
PROP_17488,2.2252243
PROP_08157,2.455117
PROP_19004,1.4554775
PROP_19990,0.8485054
PROP_18634,2.6955187
PROP_18126,3.2855763
PROP_06224,1.7852064
PROP_18319,3.8569305
PROP_06105,1.4773369
PROP_16306,1.2553531
PROP_01957,1.2578843
PROP_00487,2.5302927
PROP_16384,1.065857
PROP_20569,1.5370905
PROP_08091,1.5900738
PROP_05848,2.3506002
PROP_12300,0.7173588
PROP_20028,0.545228
PROP_11044,1.7931241
PROP_12696,1.0940772
PROP_06023,1.0546467
PROP_13660,1.2730317
PROP_13213,1.6597676
PROP_10928,1.6732566
PROP_02783,1.0537494
PROP_20045,0.47431102
PROP_19869,0.8656433
PROP_06309,1.6358688
PROP_17413,1.3802298
PROP_10511,2.680843
PROP_20253,2.0624254
PROP_19052,1.073749
PROP_04336,2.4563167
PROP_19666,1.5944334
PROP_01020,2.0671685
PROP_09188,1.6320579
PROP_06484,1.6501522
PROP_14540,1.6342599
PROP_03274,1.1971023
PROP_20491,2.2553937
PROP_11145,2.241592
PROP_03882,2.0257018
PROP_15105,1.615359
PROP_15418,1.5680418
PROP_04877,1.4256169
PROP_07427,1.2404047
PROP_04525,1.3494238
PROP_16365,1.039581
PROP_02736,0.61348486
PROP_09282,2.479164
PROP_00134,4.1127596
PROP_15168,1.4674766
PROP_16403,1.4686931
PROP_05597,1.9826431
PROP_12585,1.7408345
PROP_05701,2.8959064
PROP_13348,1.4743134
PROP_16912,5.0286098
PROP_16976,2.5384421
PROP_18399,2.7694626
PROP_15624,2.9950404
PROP_08132,2.3452535
PROP_13789,1.4706098
PROP_10906,1.6900015
PROP_04972,1.2269329
PROP_08941,4.03897
PROP_12700,1.3342606
PROP_04205,2.0156984
PROP_04590,1.9873046
PROP_01579,3.6074188
PROP_02968,1.1915278
PROP_12554,0.65809214
PROP_06290,1.7184262
PROP_00485,2.3806162
PROP_07786,1.5280161
PROP_00967,3.2576098
PROP_11838,0.72100115
PROP_09469,1.0775383
PROP_10110,1.6029757
PROP_06544,1.4880706
PROP_07306,1.6038768
PROP_01947,1.6487368
PROP_16131,4.110453
PROP_08645,4.6000175
PROP_02225,2.1085956
PROP_04328,3.7443283
PROP_03533,4.8190923
PROP_08870,5.1304946
PROP_18515,1.9793235
PROP_19815,0.5533047
PROP_18349,2.6491914
PROP_10510,2.8444202
PROP_14165,1.3423594
PROP_06921,3.371735
PROP_04448,1.3902671
PROP_10418,3.1237674
PROP_06173,1.8857336
PROP_19053,1.4088356
PROP_09444,1.1365958
PROP_20266,1.8975422
PROP_13522,1.9966716
PROP_06114,1.4885503
PROP_04602,1.9946147
PROP_06978,2.222159
PROP_16415,1.2458524
PROP_02549,0.7410548
PROP_11025,1.6954565
PROP_18159,3.895443
PROP_03704,1.9051406
PROP_08188,3.4879653
PROP_14875,1.3003768
PROP_16694,2.0457082
PROP_19210,1.7506992
PROP_07285,1.0378628
PROP_14585,2.3297637
PROP_13551,0.67639047
PROP_07884,1.9550705
PROP_09999,1.3967706
PROP_02904,0.48232996
PROP_20588,0.9224583
PROP_16961,3.3195324
PROP_12143,1.3404806
PROP_19663,0.9979501
PROP_00601,2.0225844
PROP_07047,1.5944043
PROP_16716,1.8091162
PROP_14298,1.1087954
PROP_03728,2.8921983
PROP_20313,2.1801047
PROP_19149,1.780077
PROP_20247,2.7689114
PROP_02167,0.7767807
PROP_16703,1.8719099
PROP_17902,2.0928893
PROP_19546,1.0656376
PROP_18412,1.7325528
PROP_04322,3.8022647
PROP_14999,1.2623538
PROP_18407,2.5924637
PROP_20526,1.135919
PROP_17318,3.5125446
PROP_15510,2.0103388
PROP_02624,1.0705354
PROP_08602,3.502597
PROP_08195,2.5865061
PROP_02545,0.7028132
PROP_15032,1.8145015
PROP_05168,1.0123291
PROP_16227,1.0358777
PROP_00741,1.9733992
PROP_00411,3.488723
PROP_13189,1.1971244
PROP_17237,3.4108238
PROP_16334,1.6852031
PROP_18065,4.965724
PROP_18654,2.3103714
PROP_02497,0.7567164
PROP_08709,3.099504
PROP_17057,3.6388354
PROP_16423,0.92364275
PROP_04902,1.2388201
PROP_02760,0.7516578
PROP_02075,0.5658627
PROP_12005,2.3178296
PROP_04193,2.0977814
PROP_18250,3.4873157
PROP_07344,1.5573837
PROP_04059,2.8468122
PROP_17875,2.2026799
PROP_03105,1.3828815
PROP_14362,2.775486
PROP_17124,1.906103
PROP_14250,0.93429
PROP_16318,1.1932392
PROP_16705,1.9325446
PROP_00286,1.3551509
PROP_01323,0.9096505
PROP_19473,1.1311707
PROP_18880,1.290478
PROP_19844,0.52993935
PROP_18400,2.4747865
PROP_00072,0.90044266
PROP_06325,1.7210859
PROP_00410,2.887006
PROP_09147,2.5978246
PROP_02078,0.68345904
PROP_02012,1.0410746
PROP_13191,1.686502
PROP_16368,1.0280608
PROP_08144,2.6554043
PROP_16150,3.9266102
PROP_09289,2.1398778
PROP_02522,0.8083573
PROP_10090,2.346736
PROP_14240,0.9978799
PROP_12830,0.9205274
PROP_16033,2.4112005
PROP_06076,2.3719194
PROP_12315,1.262281
PROP_04504,1.3869144
PROP_12123,1.5703663
PROP_15003,1.4993294
PROP_06692,4.6197934
PROP_10049,1.9119555
PROP_12029,1.1608658
PROP_07177,1.6363312
PROP_17381,2.337103
PROP_10008,1.7414562
PROP_06613,3.6066875
PROP_07000,1.5241772
PROP_02298,0.97939515
PROP_03168,0.66697973
PROP_06369,2.4639482
PROP_08590,4.3172183
PROP_07738,2.151573
PROP_12246,0.9986239
PROP_08603,3.7159703
PROP_09091,1.309461
PROP_05385,3.5999725
PROP_14085,2.3427284
PROP_06100,1.8303936
PROP_17223,4.2238474
PROP_18445,2.730198
PROP_01071,0.929248
PROP_19311,3.0325606
PROP_03429,1.5216414
PROP_07712,1.9510678
PROP_19352,1.3660454
PROP_15658,2.7221007
PROP_02830,0.6218805
PROP_04265,2.4860544
PROP_16460,2.75718
PROP_02045,0.5910066
PROP_04771,1.6031677
PROP_19883,0.81671035
PROP_20161,2.0255432
PROP_10052,1.4160011
PROP_08922,4.2595983
PROP_00205,1.193778
PROP_05925,2.27901
PROP_09895,1.6408558
PROP_10480,3.3216336
PROP_03351,0.99282426
PROP_13464,0.94749415
PROP_07181,1.4519004
PROP_16617,2.172819
PROP_15314,1.6158676
PROP_02677,0.59820366
PROP_17550,1.6575265
PROP_16174,1.9776852
PROP_14080,1.6040093
PROP_15180,1.8238577
PROP_01731,1.8295485
PROP_14931,2.332559
PROP_10022,1.2702171
PROP_04556,2.0145133
PROP_00697,1.4989961
PROP_01005,2.593461
PROP_12521,0.9888839
PROP_12291,0.7770869
PROP_14426,2.8277693
PROP_02771,0.7780146
PROP_11513,3.210148
PROP_04880,1.3575754
PROP_15110,1.7394295
PROP_05140,0.97092354
PROP_07765,1.8544583
PROP_18004,3.5166094
PROP_14535,1.5515672
PROP_01029,1.1231474
PROP_10734,4.654989
PROP_09109,2.6246881
PROP_08545,2.5985935
PROP_16276,0.60584956
PROP_15296,2.0782197
PROP_09857,3.9317346
PROP_09418,4.590981
PROP_19876,0.7570571
PROP_05438,4.3992147
PROP_17804,2.5384495
PROP_08214,1.4093939
PROP_04828,1.8686856
PROP_19799,0.8225103
PROP_08336,1.3784504
PROP_17496,2.7863483
PROP_08858,4.0833397
PROP_13955,0.98719436
PROP_02101,0.5621183
PROP_13195,1.4719378
PROP_00101,2.5365183
PROP_14959,2.2282033
PROP_19763,0.67274487
PROP_19465,1.3138396
PROP_02743,1.9466588
PROP_13600,1.2111816
PROP_17779,2.0411
PROP_18695,0.67354643
PROP_09068,1.0517832
PROP_07077,2.1006444
PROP_17718,3.2539408
PROP_07530,1.0876888
PROP_03617,1.6102486
PROP_02730,0.6782564
PROP_00396,2.282026
PROP_01664,2.5932212
PROP_05201,1.0075054
PROP_14656,2.0485575
PROP_09687,2.1260686
PROP_01476,1.7003629
PROP_08517,2.0901275
PROP_03415,1.453781
PROP_17487,2.8284607
PROP_00635,1.5463718
PROP_00817,1.5269458
PROP_07486,1.3043708
PROP_04672,1.9661419
PROP_11316,1.8475409
PROP_00050,2.1688812
PROP_20141,1.8491347
PROP_12591,2.858764
PROP_08827,3.338305
PROP_04596,1.7555577
PROP_00707,2.2580452
PROP_01686,2.0937903
PROP_15846,3.8315675
PROP_11659,1.984602
PROP_08955,2.5152636
PROP_02777,0.6258801
PROP_14570,1.8190843
PROP_00724,1.5971771
PROP_16349,1.245166
PROP_06932,1.5732903
PROP_00836,2.1225238
PROP_19530,1.2805043
PROP_20370,3.3868306
PROP_00433,2.0748515
PROP_09140,2.3124576
PROP_07361,1.5243535
PROP_03609,1.5308545
PROP_17106,5.073734
PROP_16790,2.6218483
PROP_20298,2.527806
PROP_13166,1.984058
PROP_07924,1.7241846
PROP_11764,2.175083
PROP_08409,1.3902364
PROP_16951,4.3382983
PROP_17745,3.1667302
PROP_13342,1.4731447
PROP_08925,3.937604
PROP_06842,2.021051
PROP_01158,1.1432846
PROP_00128,3.99944
PROP_08020,2.402766
PROP_03502,1.4751233
PROP_11858,0.7917745
PROP_10329,2.9571521
PROP_07695,2.680037
PROP_00123,3.4975762
PROP_01247,0.7806587
PROP_00820,1.9826034
PROP_10010,1.494291
PROP_07431,1.462078
PROP_07167,1.4543418
PROP_19764,0.6387799
PROP_07217,1.5289367
PROP_10830,2.5078897
PROP_10083,2.1291635
PROP_05787,2.341954
PROP_11973,0.9356604
PROP_07755,1.7659463
PROP_20467,2.5090756
PROP_13963,1.7159507
PROP_19453,1.4247253
PROP_18513,2.5338128
PROP_02948,0.5760911
PROP_13093,1.4443289
PROP_15068,1.5952562
PROP_09801,4.176801
PROP_17686,1.8591651
PROP_13663,1.6540575
PROP_10127,3.4921365
PROP_07599,1.4014539
PROP_05160,1.1956917
PROP_15570,1.9628112
PROP_00963,2.668316
PROP_15542,3.676623
PROP_03014,2.3603907
PROP_01959,1.6314508
PROP_13871,1.1820766
PROP_20369,3.3429937
PROP_20271,4.219477
PROP_08570,4.6597843
PROP_08114,1.7408056
PROP_10865,1.7400047
PROP_16245,0.76851696
PROP_03077,0.953357
PROP_10249,2.7581139
PROP_13039,1.8260891
PROP_17944,2.7463107
PROP_15225,3.5248084
PROP_00930,2.3811224
PROP_03156,0.7568627
PROP_03633,1.9560381
PROP_18877,1.1203142
PROP_15904,3.1229784
PROP_04201,1.7193571
PROP_09238,1.0209284
PROP_05570,1.9992816
PROP_02152,0.62235075
PROP_12551,2.0412092
PROP_11146,2.1001453
PROP_00927,3.2665384
PROP_08833,3.3229535
PROP_04610,2.2470999
PROP_12231,1.16825
PROP_17005,3.1391513
PROP_12058,1.2750319
PROP_08952,2.4105828
PROP_16412,0.94580895
PROP_13769,1.5686727
PROP_14108,1.1070749
PROP_09387,4.0513945
PROP_13906,0.758196
PROP_15527,1.4126546
PROP_09705,2.0327728
PROP_07117,2.1971984
PROP_11635,1.9790465
PROP_06434,2.1733441
PROP_15765,3.8945506
PROP_13150,2.4136577
PROP_19801,0.65619737
PROP_15873,2.6056764
PROP_11800,1.1474973
PROP_02943,0.506656
PROP_10529,1.9112878
PROP_19714,0.6214953
PROP_08722,3.5648873
PROP_06186,1.811761
PROP_05354,3.3133972
PROP_10172,1.797609
PROP_10036,1.0345335
PROP_02805,0.7877287
PROP_03433,1.5044103
PROP_16225,1.2308311
PROP_12200,2.0144675
PROP_08486,1.3964105
PROP_13631,0.8558721
PROP_06653,1.9554846
PROP_19757,0.7080668
PROP_11176,1.9217497
PROP_14048,1.6561917
PROP_01837,1.6722839
PROP_16355,0.8833947
PROP_13967,1.5498741
PROP_04982,1.1606063
PROP_19075,1.821219
PROP_12412,0.9586192
PROP_03616,1.552868
PROP_08679,2.6580155
PROP_07907,2.6933134
PROP_18478,2.9815385
PROP_08369,1.1479374
PROP_04140,2.5527558
PROP_16151,3.887052
PROP_12628,0.7535437
PROP_07300,1.4547623
PROP_07305,1.5932196
PROP_08317,3.4816473
PROP_15532,2.0155723
PROP_20553,1.0657502
PROP_09560,1.0047476
PROP_06888,1.692222
PROP_16664,2.2184947
PROP_12419,0.67094845
PROP_08054,1.7199715
PROP_00584,2.4923291
PROP_11318,1.8633717
PROP_12919,1.625446
PROP_07834,1.4260699
PROP_14727,1.8207927
PROP_06969,1.5618763
PROP_01765,1.5081915
PROP_16440,1.2349842
PROP_06126,1.6253985
PROP_07947,1.9849035
PROP_13052,1.3005978
PROP_03498,1.7269405
PROP_01557,4.050574
PROP_16325,1.2268322
PROP_19781,1.0286171
PROP_17254,2.893697
PROP_08187,4.3353896
PROP_13468,1.1403365
PROP_16248,0.92068094
PROP_10993,2.0525877
PROP_16115,2.8822927
PROP_13785,1.0533931
PROP_07936,1.5639026
PROP_20376,4.7044625
PROP_13872,1.0472839
PROP_15755,4.053585
PROP_13463,1.0027181
PROP_11941,1.188593
PROP_02157,1.1061246
PROP_08573,4.6101475
PROP_18357,5.0557046
PROP_18611,2.4073853
PROP_14214,1.1264266
PROP_08980,2.6286032
PROP_14249,0.96776116
PROP_15128,1.6437764
PROP_11099,1.6171546
PROP_11793,1.5839517
PROP_20283,1.8009682
PROP_02814,0.7406088
PROP_11685,1.7927675
PROP_01697,2.49152
PROP_02740,0.88383263
PROP_10376,4.4966536
PROP_07231,1.6310039
PROP_11223,2.1157165
PROP_14284,1.1627998
PROP_11770,1.4842042
PROP_14581,2.1701236
PROP_01066,0.81454766
PROP_14742,1.559378
PROP_19880,0.68941957
PROP_18009,2.5956264
PROP_14368,4.0820136
PROP_14817,4.4530816
PROP_00735,2.6174836
PROP_02439,0.80615693
PROP_17284,3.6994898
PROP_02498,0.63778406
PROP_12555,0.6063753
PROP_18908,1.3643185
PROP_12532,0.8720857
PROP_14757,1.1064811
PROP_02782,0.743661
PROP_02136,0.8537496
PROP_20249,3.1554863
PROP_05371,2.5365164
PROP_01698,2.3365917
PROP_06352,2.2165105
PROP_12858,0.82358307
PROP_08748,3.737277
PROP_02039,0.9579876
PROP_13359,2.0480049
PROP_02360,0.8982531
PROP_14953,2.8107955
PROP_09826,3.2748275
PROP_13388,1.2656486
PROP_12561,0.67396045
PROP_20087,1.3421822
PROP_04973,1.0842338
PROP_08394,1.739275
PROP_05557,2.9435706
PROP_12692,2.464101
PROP_19502,1.270582
PROP_19436,1.4603462
PROP_18721,0.9316492
PROP_07660,1.6675831
PROP_19514,1.1618403
PROP_18266,4.783192
PROP_06919,4.8351426
PROP_01219,1.3778355
PROP_19825,0.8249168
PROP_18202,2.6866548
PROP_16605,2.2612228
PROP_11398,2.6210673
PROP_15530,1.8309637
PROP_13346,1.8303413
PROP_03302,0.6725722
PROP_18308,4.6094437
PROP_14001,0.80560166
PROP_06067,2.6224945
PROP_19381,1.144148
PROP_17105,4.0991683
PROP_06483,1.7123044
PROP_08375,1.8750644
PROP_14360,2.3708427
PROP_14120,1.1394392
PROP_19043,1.6642549
PROP_03468,1.6542107
PROP_17094,3.365005
PROP_15025,1.7568885
PROP_19685,0.6990739
PROP_19700,1.1677306
PROP_06503,1.5655364
PROP_08056,1.6472541
PROP_20600,0.9310971
PROP_13367,2.0296178
PROP_08986,2.9822884
PROP_08951,2.076868
PROP_13163,2.0292885
PROP_02046,0.6049849
PROP_06706,2.3210638
PROP_09729,1.8912534
PROP_14255,0.9224881
PROP_09652,0.7091118
PROP_12745,1.0172825
PROP_20557,1.0907849
PROP_03817,2.4695587
PROP_10352,2.6298428
PROP_18317,3.1901436
PROP_05621,1.3644574
PROP_06832,2.449044
PROP_03059,0.7257535
PROP_14248,1.2196261
PROP_17834,2.493256
PROP_08715,3.6772962
PROP_20473,2.2099638
PROP_05306,3.0442874
PROP_09796,4.1662908
PROP_03579,2.311879
PROP_16043,3.0614603
PROP_15442,1.8050538
PROP_17831,2.3329775
PROP_07115,1.6313099
PROP_03287,1.2827439
PROP_18557,2.8778985
PROP_14454,4.222892
PROP_07958,1.8823453
PROP_14405,4.2217255
PROP_20162,2.592359
PROP_03213,0.8009247
PROP_05449,3.3312325
PROP_10309,3.1833887
PROP_09000,2.6164773
PROP_03047,0.5497463
PROP_11890,0.82426274
PROP_06020,1.7768255
PROP_01891,1.2279662
PROP_08380,1.7026432
PROP_13729,1.2436323
PROP_01026,1.2653332
PROP_16130,3.6376762
PROP_11557,2.9178643
PROP_13126,1.3890531
PROP_18337,4.6445155
PROP_15595,1.4430504
PROP_13897,0.64836884
PROP_07200,1.3815111
PROP_18528,2.4352803
PROP_04639,2.8117883
PROP_16070,3.2374268
PROP_14844,1.2228394
PROP_19384,0.9849551
PROP_13879,1.2121774
PROP_10346,2.5745244
PROP_09806,4.4289365
PROP_18629,3.9286315
PROP_16379,0.88295263
PROP_11955,1.3434463
PROP_09431,3.0828438
PROP_10431,2.212838
PROP_19743,0.9706303
PROP_01194,0.68326783
PROP_17236,4.280762
PROP_08008,2.3567543
PROP_10494,3.8821335
PROP_00631,1.7243155
PROP_10649,4.2027125
PROP_00196,1.0823708
PROP_01119,0.94111985
PROP_02290,0.8186199
PROP_15403,1.852326
PROP_13225,1.4392687
PROP_11974,1.1175314
PROP_13823,0.85190654
PROP_04168,2.1749988
PROP_17387,1.2925055
PROP_02184,0.61820954
PROP_18342,4.6467624
PROP_17064,2.1110709
PROP_13260,1.6204362
PROP_09416,4.7714477
PROP_00274,2.839951
PROP_14709,3.3866248
PROP_07094,3.1895866
PROP_01804,1.0287734
PROP_15366,2.1159976
PROP_10853,2.9572303
PROP_10305,2.8003488
PROP_13856,1.0102612
PROP_05144,0.93166983
PROP_10977,2.1229382
PROP_06223,1.7593874
PROP_15716,4.294682
PROP_15842,3.2593856
PROP_15264,2.2318916
PROP_01776,1.5835801
PROP_15617,5.064138
PROP_14927,2.6408072
PROP_02701,0.84108317
PROP_10019,1.260818
PROP_07506,1.0990286
PROP_02702,0.6825619
PROP_12069,2.2888675
PROP_13133,0.9871384
PROP_13441,1.3504618
PROP_00285,1.5030416
PROP_09693,1.2788012
PROP_05754,4.439447
PROP_20604,0.806621
PROP_07443,1.5989611
PROP_14081,1.8986034
PROP_08390,1.7873158
PROP_15033,1.6875135
PROP_00549,2.468985
PROP_18025,2.7408502
PROP_16182,0.695797
PROP_02909,0.9093698
PROP_17518,2.2472727
PROP_17597,3.1788056
PROP_19542,1.2381319
PROP_03048,0.619014
PROP_09623,0.5536625
PROP_09442,1.0464911
PROP_06466,2.422834
PROP_18820,1.0109401
PROP_06647,1.7182837
PROP_16815,2.9280782
PROP_05376,3.9223018
PROP_06600,2.1655889
PROP_02452,0.8212701
PROP_14810,4.42495
PROP_01979,2.5576396
PROP_13855,1.199475
PROP_19493,1.2079996
PROP_02067,0.63464373
PROP_14771,1.1650772
PROP_16726,1.9386683
PROP_13486,1.2416155
PROP_03268,1.3029879
PROP_19930,1.0810955
PROP_12250,0.992439
PROP_16323,0.88018525
PROP_09566,0.9387455
PROP_07666,1.5798129
PROP_09231,0.9070297
PROP_12131,1.2103037
PROP_19259,1.701478
PROP_11872,1.0361452
PROP_11127,1.6158309
PROP_07245,1.740359
PROP_04980,1.0180968
PROP_12534,0.70780635
PROP_13657,1.1308256
PROP_01358,0.982276
PROP_03070,0.5879814
PROP_19935,0.8513465
PROP_07861,1.7326205
PROP_15073,2.190624
PROP_06551,4.7844152
PROP_12063,1.5254751
PROP_16454,1.0373714
PROP_02255,0.82255274
PROP_02266,0.73151624
PROP_08097,1.5612873
PROP_14463,4.064576
PROP_17566,2.3814652
PROP_08193,2.84332
PROP_07590,1.1163559
PROP_10990,1.9411454
PROP_08829,3.1915205
PROP_04630,3.0698516
PROP_11839,0.8521819
PROP_19236,2.4071414
PROP_18840,0.981868
PROP_12634,0.7961972
PROP_13602,0.91710865
PROP_03755,2.1736505
PROP_20392,2.8733714
PROP_10242,3.2078156
PROP_09152,2.0982997
PROP_03204,0.9733562
PROP_17554,2.0981023
PROP_16516,1.2015814
PROP_14471,1.4943594
PROP_06463,2.7253416
PROP_04007,4.2407546
PROP_14614,1.3105328
PROP_18924,1.5840626
PROP_08692,2.5193408
PROP_16870,3.352275
PROP_16461,1.5831863
PROP_00049,1.685428
PROP_13916,0.9674118
PROP_02932,0.44656053
PROP_02966,1.4770669
PROP_07826,1.9931564
PROP_06730,4.864363
PROP_04724,4.9123282
PROP_06788,2.629815
PROP_04742,2.2025852
PROP_12950,1.242044
PROP_18468,3.5536544
PROP_09440,1.0785339
PROP_08029,2.2240047
PROP_12784,1.2130486
PROP_01303,1.0398023
PROP_17065,2.1367059
PROP_19595,1.0480998
PROP_19389,2.1562066
PROP_07716,2.0293114
PROP_18085,4.478156
PROP_11537,1.7893715
PROP_09616,0.826553
PROP_01373,1.9779546
PROP_02998,0.7951292
PROP_08271,2.4739811
PROP_08288,2.8513298
PROP_18179,2.471719
PROP_07453,1.8103498
PROP_01135,0.9766158
PROP_15326,1.6585288
PROP_10201,2.335844
PROP_03050,0.7425165
PROP_00426,2.7456596
PROP_09253,0.903517
PROP_03694,1.8385732
PROP_16219,1.0669174
PROP_08039,2.5248203
PROP_01588,4.230262
PROP_17298,3.2193341
PROP_00339,1.3425536
PROP_12133,1.5788457
PROP_11647,2.4823234
PROP_14235,1.7116616
PROP_06392,4.9583774
PROP_19272,1.9019525
PROP_10908,1.5988996
PROP_17652,2.1057608
PROP_11359,1.544785
PROP_05527,4.1274776
PROP_07326,1.4883263
PROP_16138,4.2978616
PROP_03314,0.8822715
PROP_15802,3.7137725
PROP_16051,3.3919804
PROP_05286,4.4817004
PROP_19285,1.4858888
PROP_05259,5.088521
PROP_10812,2.2282057
PROP_03649,1.8792557
PROP_00054,1.0421385
PROP_02973,0.97020376
PROP_08631,4.6282125
PROP_10163,3.1891222
PROP_02959,0.7254633
PROP_15250,3.2100248
PROP_06455,2.705891
PROP_15957,2.3441129
PROP_10365,1.9666343
PROP_00401,2.63801
PROP_13982,0.75570595
PROP_07294,1.4253587
PROP_13905,0.71253294
PROP_11076,2.11407
PROP_19434,1.6648294
PROP_04981,1.1042079
PROP_08253,1.7629303
PROP_09737,1.1666095
PROP_18870,1.0017061
PROP_11236,1.8948334
PROP_19251,2.2239473
PROP_07554,1.3313258
PROP_18790,0.9575422
PROP_20405,3.579838
PROP_10519,4.2662125
PROP_05905,1.4828964
PROP_17822,3.2841568
PROP_14063,1.4929222
PROP_19191,2.2973764
PROP_10696,1.8883818
PROP_01722,1.0795406
PROP_13306,1.2299994
PROP_00664,1.8495481
PROP_17031,3.678901
PROP_13084,2.255222
PROP_11937,1.1726453
PROP_16055,3.4751334
PROP_08285,3.562192
PROP_06218,1.9107015
PROP_19689,0.69279104
PROP_18956,0.9949991
PROP_03269,1.1199486
PROP_03948,2.1533234
PROP_19289,1.7705406
PROP_10462,2.4333298
PROP_08251,1.409963
PROP_05800,2.1571448
PROP_09893,1.4457139
PROP_13309,1.3105134
PROP_16752,2.278478
PROP_13308,1.2430471
PROP_17682,2.0889072
PROP_10500,3.3066113
PROP_13086,1.5680938
PROP_09406,3.4269583
PROP_05642,3.4146159
PROP_18868,1.2552556
PROP_00608,1.9702297
PROP_13405,0.98058933
PROP_13113,1.4671916
PROP_00019,1.4385626
PROP_01338,1.7377822
PROP_14264,0.9221849
PROP_07474,1.2840792
PROP_09751,2.622353
PROP_16947,3.8809996
PROP_11547,2.6087413
PROP_19804,0.9157772
PROP_18292,3.9188685
PROP_10653,2.653383
PROP_04783,1.4662229
PROP_06006,1.228597
PROP_02487,0.8307981
PROP_03702,1.8447918
PROP_16624,2.4156566
PROP_06098,1.8131845
PROP_04625,3.5632946
PROP_19680,0.7038898
PROP_19301,2.303148
PROP_11909,1.0785247
PROP_19521,0.88466835
PROP_15531,1.7765682
PROP_03486,4.6627293
PROP_05005,1.8610611
PROP_16392,2.1031494
PROP_18364,4.4697704
PROP_20156,3.5385268
PROP_02425,0.5673049
PROP_10584,3.3367043
PROP_12986,1.4208227
PROP_18631,3.6864152
PROP_15421,1.5091028
PROP_12032,1.2512112
PROP_04101,4.5653744
PROP_13141,1.5193973
PROP_17864,2.3018467
PROP_08403,1.7148008
PROP_02958,0.7197979
PROP_15614,4.070083
PROP_11917,1.221698
PROP_18731,0.97803736
PROP_03800,3.614574
PROP_15484,1.7934997
PROP_16409,0.85653883
PROP_10709,1.1136999
PROP_07628,1.820452
PROP_19058,2.529624
PROP_18094,3.6707332
PROP_14024,2.4242122
PROP_10963,3.4799845
PROP_13174,1.7294248
PROP_15933,2.1479883
PROP_14740,1.3449203
PROP_03798,2.355361
PROP_20342,2.920375
PROP_09260,0.760894
PROP_17024,3.831436
PROP_09020,2.9839163
PROP_08374,2.1225972
PROP_13619,1.0196658
PROP_01983,1.4055884
PROP_13372,1.9579539
PROP_19039,1.381704
PROP_19089,2.1885972
PROP_12842,1.045882
PROP_17696,1.6782626
PROP_15482,1.7303835
PROP_16607,1.3902359
PROP_17671,2.1611257
PROP_12934,2.3987272
PROP_00657,2.029919
PROP_09014,3.6559515
PROP_09293,3.2514796
PROP_00751,2.025357
PROP_02081,0.76730114
PROP_17012,3.0359356
PROP_10268,1.805271
PROP_16982,3.095974
PROP_19378,1.2487
PROP_05763,2.192961
PROP_00843,2.2763112
PROP_16603,1.611499
PROP_19215,1.8164288
PROP_14487,3.3267894
PROP_12831,0.800401
PROP_08723,3.100113
PROP_03410,2.5010078
PROP_16652,2.5266092
PROP_06847,2.282707
PROP_05861,3.2921627
PROP_09935,1.7579612
PROP_20265,1.9326286
PROP_05351,5.0868273
PROP_03652,1.7321087
PROP_00553,2.2741659
PROP_13089,1.534256
PROP_12824,1.1489778
PROP_09097,1.4425728
PROP_13253,2.368532
PROP_18476,2.8958793
PROP_19872,0.56262803
PROP_11850,0.9221043
PROP_00576,3.6144695
PROP_07578,1.0493349
PROP_07290,1.4651413
PROP_18320,4.5604286
PROP_15778,1.8810576
PROP_00047,1.5185711
PROP_13825,1.0483538
PROP_19240,2.5640385
PROP_08416,1.418601
PROP_10597,2.7153466
PROP_09981,1.8680624
PROP_16324,1.5899432
PROP_20346,2.0930715
PROP_06366,3.8153172
PROP_16224,1.0638199
PROP_01215,1.2256601
PROP_10119,2.2805743
PROP_10730,3.9655395
PROP_10404,2.4081073
PROP_18411,2.235255
PROP_01944,1.8250378
PROP_16966,3.5119503
PROP_01450,2.6179185
PROP_17292,3.8640344
PROP_10299,2.8341317
PROP_14563,1.911581
PROP_17960,2.7202082
PROP_10819,2.5680199
PROP_05760,2.6336381
PROP_02403,0.55730736
PROP_11391,2.1589608
PROP_14206,1.4081974
PROP_08341,1.7906313
PROP_11152,1.9913764
PROP_09849,2.1767435
PROP_12849,1.301539
PROP_12524,1.0637504
PROP_15099,1.294856
PROP_20124,2.1634443
PROP_13755,0.8866317
PROP_06045,1.012311
PROP_02168,0.8772245
PROP_04848,1.421337
PROP_09816,2.5604224
PROP_19861,0.5542213
PROP_13274,1.8334045
PROP_15041,1.1214325
PROP_11333,1.7967525
PROP_10501,3.0803814
PROP_05380,3.5549126
PROP_18616,2.7682338
PROP_16177,2.5155797
PROP_01213,1.0529712
PROP_04347,4.382822
PROP_16637,2.3629503
PROP_08100,1.4492328
PROP_11057,1.8918306
PROP_12715,2.5496871
PROP_14604,1.7818583
PROP_05561,0.9958843
PROP_09645,1.135257
PROP_06535,1.7358372
PROP_06239,1.7314545
PROP_07751,1.5385013
PROP_04197,1.8005106
PROP_14653,1.2139444
PROP_06550,1.720667
PROP_02540,0.82726485
PROP_00744,1.6229153
PROP_19620,1.3168424
PROP_02912,0.9541868
PROP_06137,1.5267785
PROP_10290,2.744619
PROP_01038,1.4389397
PROP_07134,1.874478
PROP_18726,0.7527129
PROP_05662,2.2726629
PROP_20256,1.5960664
PROP_05071,1.2144002
PROP_09668,1.0525928
PROP_13504,0.75020343
PROP_15572,1.6956577
PROP_16813,2.414866
PROP_12151,1.5463578
PROP_00729,1.7307854
PROP_05576,2.2792537
PROP_18430,2.5726922
PROP_01640,1.8576211
PROP_05026,1.2838192
PROP_14580,2.519162
PROP_11616,1.9230374
PROP_18640,2.283884
PROP_10645,4.736222
PROP_18764,0.7298377
PROP_00542,2.7455964
PROP_00146,3.172548
PROP_04989,0.9386253
PROP_16215,0.72299266
PROP_00241,1.0490388
PROP_18746,0.7220803
PROP_03595,2.5577629
PROP_08404,1.6138629
PROP_10360,3.2551532
PROP_05714,4.0485935
PROP_12401,1.5306737
PROP_01952,1.1812165
PROP_15800,4.373233
PROP_01594,4.6096506
PROP_09161,2.209761
PROP_08478,1.5734277
PROP_10087,1.9476713
PROP_02680,0.7334297
PROP_00844,2.5628152
PROP_04779,1.7287453
PROP_11919,1.1004937
PROP_04653,4.7696285
PROP_01783,0.9213389
PROP_07608,1.4023432
PROP_00000,4.281881
PROP_10155,4.563319
PROP_15362,2.5339048
PROP_16623,2.1448143
PROP_18086,5.0157847
PROP_02144,0.72239435
PROP_03665,1.699279
